{
  "type": "FeatureCollection",
  "features": [
    {
      "type": "Feature",
      "properties": {
        "id": 63609216,
        "name": "Noyyal",
        "waterway": "river",
        "source": "OpenStreetMap",
        "location": "Tiruppur, Tamil Nadu"
      },
      "geometry": {
        "type": "LineString",
        "coordinates": [
          [
            76.6737035,
            10.9224875
          ],
          [
            76.6762697,
            10.9264409
          ],
          [
            76.6770178,
            10.9276863
          ],
          [
            76.6776715,
            10.9289341
          ],
          [
            76.6778016,
            10.9295249
          ],
          [
            76.6780292,
            10.9303392
          ],
          [
            76.6785008,
            10.9310737
          ],
          [
            76.6790863,
            10.9316804
          ],
          [
            76.6792651,
            10.9321754
          ],
          [
            76.6792651,
            10.932878
          ],
          [
            76.6794928,
            10.9335007
          ],
          [
            76.6800132,
            10.9340755
          ],
          [
            76.6809886,
            10.9347036
          ],
          [
            76.6817529,
            10.9352784
          ],
          [
            76.6839157,
            10.9361406
          ],
          [
            76.6841759,
            10.9366675
          ],
          [
            76.6843548,
            10.9372742
          ],
          [
            76.6845889,
            10.9378019
          ],
          [
            76.685353,
            10.9377774
          ],
          [
            76.6878671,
            10.9383394
          ],
          [
            76.6893992,
            10.9389461
          ],
          [
            76.6907783,
            10.9394667
          ],
          [
            76.6920414,
            10.9397806
          ],
          [
            76.6941436,
            10.9400601
          ],
          [
            76.6952982,
            10.940571
          ],
          [
            76.6958485,
            10.9405735
          ],
          [
            76.6969381,
            10.940797
          ],
          [
            76.6976211,
            10.9411004
          ],
          [
            76.6983041,
            10.9411802
          ],
          [
            76.6988895,
            10.9418667
          ],
          [
            76.6996538,
            10.942218
          ],
          [
            76.7003043,
            10.9420583
          ],
          [
            76.7008897,
            10.9419625
          ],
          [
            76.7015239,
            10.9418029
          ],
          [
            76.7014914,
            10.9413718
          ],
          [
            76.7018979,
            10.9410525
          ],
          [
            76.7023045,
            10.9413718
          ],
          [
            76.7025322,
            10.9417869
          ],
          [
            76.7030688,
            10.9421701
          ],
          [
            76.7034753,
            10.9428886
          ],
          [
            76.7038889,
            10.9435751
          ],
          [
            76.7048972,
            10.9437827
          ],
          [
            76.7062632,
            10.9437827
          ],
          [
            76.7072389,
            10.9438625
          ],
          [
            76.7085796,
            10.9441669
          ],
          [
            76.7092788,
            10.9447098
          ],
          [
            76.7100269,
            10.9454283
          ],
          [
            76.7106611,
            10.946498
          ],
          [
            76.7115067,
            10.9473282
          ],
          [
            76.7122819,
            10.9484064
          ],
          [
            76.7128999,
            10.9490769
          ],
          [
            76.7133877,
            10.9492526
          ],
          [
            76.713469,
            10.9498912
          ],
          [
            76.7131926,
            10.9502744
          ],
          [
            76.7128348,
            10.9505777
          ],
          [
            76.7127535,
            10.9511365
          ],
          [
            76.7131438,
            10.951376
          ],
          [
            76.7138756,
            10.9513281
          ],
          [
            76.7141195,
            10.9515037
          ],
          [
            76.7142333,
            10.9519987
          ],
          [
            76.7144448,
            10.9524297
          ],
          [
            76.7148025,
            10.9523499
          ],
          [
            76.7152253,
            10.9521903
          ],
          [
            76.7151928,
            10.9516474
          ],
          [
            76.7155343,
            10.9516155
          ],
          [
            76.7159734,
            10.9517592
          ],
          [
            76.7162498,
            10.9515995
          ],
          [
            76.7164287,
            10.9518071
          ],
          [
            76.7167377,
            10.9521104
          ],
          [
            76.717027,
            10.951823
          ],
          [
            76.7176775,
            10.9522222
          ],
          [
            76.7181653,
            10.9525255
          ],
          [
            76.7184091,
            10.9529473
          ],
          [
            76.71857,
            10.9533054
          ],
          [
            76.7186344,
            10.953495
          ],
          [
            76.7186987,
            10.9539058
          ],
          [
            76.7187738,
            10.954106
          ],
          [
            76.7189991,
            10.954422
          ],
          [
            76.7191815,
            10.9545484
          ],
          [
            76.7193961,
            10.95458
          ],
          [
            76.7202651,
            10.95458
          ],
          [
            76.7207265,
            10.9547906
          ],
          [
            76.7208552,
            10.9549486
          ],
          [
            76.7210162,
            10.9553173
          ],
          [
            76.7211556,
            10.9554542
          ],
          [
            76.721338,
            10.9555385
          ],
          [
            76.7215526,
            10.9555174
          ],
          [
            76.7218423,
            10.955233
          ],
          [
            76.7220461,
            10.9551593
          ],
          [
            76.7226469,
            10.9553173
          ],
          [
            76.7228401,
            10.955233
          ],
          [
            76.7231727,
            10.9549908
          ],
          [
            76.7233765,
            10.9549592
          ],
          [
            76.7235803,
            10.9550329
          ],
          [
            76.7236984,
            10.9551909
          ],
          [
            76.7237627,
            10.9553805
          ],
          [
            76.72387,
            10.9555385
          ],
          [
            76.7242026,
            10.9554121
          ],
          [
            76.7245781,
            10.9552014
          ],
          [
            76.7249536,
            10.955054
          ],
          [
            76.7251038,
            10.9551698
          ],
          [
            76.7251253,
            10.9553805
          ],
          [
            76.725254,
            10.955549
          ],
          [
            76.7254364,
            10.9554648
          ],
          [
            76.7255866,
            10.9553278
          ],
          [
            76.7257905,
            10.9552541
          ],
          [
            76.7259192,
            10.9550856
          ],
          [
            76.7258978,
            10.9546958
          ],
          [
            76.7257798,
            10.9543061
          ],
          [
            76.7256939,
            10.9541376
          ],
          [
            76.725415,
            10.9538216
          ],
          [
            76.7254257,
            10.9536214
          ],
          [
            76.7255437,
            10.9534529
          ],
          [
            76.7257476,
            10.9534424
          ],
          [
            76.7260802,
            10.9536214
          ],
          [
            76.7264557,
            10.954127
          ],
          [
            76.7265952,
            10.954264
          ],
          [
            76.7269921,
            10.9544325
          ],
          [
            76.727196,
            10.9544536
          ],
          [
            76.7273998,
            10.954443
          ],
          [
            76.7275929,
            10.9545273
          ],
          [
            76.7277539,
            10.9546748
          ],
          [
            76.7279363,
            10.9550329
          ],
          [
            76.7281079,
            10.9551593
          ],
          [
            76.7282903,
            10.955054
          ],
          [
            76.7286229,
            10.9547906
          ],
          [
            76.7287624,
            10.9546326
          ],
          [
            76.7288268,
            10.954422
          ],
          [
            76.7290735,
            10.9540849
          ],
          [
            76.7291486,
            10.9539058
          ],
          [
            76.7290735,
            10.9537268
          ],
          [
            76.7285263,
            10.9533686
          ],
          [
            76.7285156,
            10.9531474
          ],
          [
            76.7289126,
            10.9530421
          ],
          [
            76.7294686,
            10.9526988
          ],
          [
            76.7297904,
            10.952446
          ],
          [
            76.7304341,
            10.952446
          ],
          [
            76.7310779,
            10.9526567
          ],
          [
            76.7317216,
            10.9527199
          ],
          [
            76.732537,
            10.9527199
          ],
          [
            76.7335133,
            10.9526777
          ],
          [
            76.7341249,
            10.952762
          ],
          [
            76.7344521,
            10.952841
          ],
          [
            76.734672,
            10.9530675
          ],
          [
            76.7348693,
            10.953236
          ],
          [
            76.7350344,
            10.9531623
          ],
          [
            76.7352491,
            10.9525198
          ],
          [
            76.7355065,
            10.9520247
          ],
          [
            76.7360698,
            10.9516297
          ],
          [
            76.7367403,
            10.9516771
          ],
          [
            76.7370997,
            10.9520721
          ],
          [
            76.7375021,
            10.9523196
          ],
          [
            76.7381029,
            10.9524039
          ],
          [
            76.7389397,
            10.9525514
          ],
          [
            76.7396908,
            10.9527831
          ],
          [
            76.7405061,
            10.9529727
          ],
          [
            76.741064,
            10.9529516
          ],
          [
            76.7417936,
            10.9526778
          ],
          [
            76.7426734,
            10.9526146
          ],
          [
            76.7436662,
            10.9525303
          ],
          [
            76.7442885,
            10.9521932
          ],
          [
            76.744782,
            10.9520247
          ],
          [
            76.7453828,
            10.9522775
          ],
          [
            76.7462626,
            10.9525514
          ],
          [
            76.7466703,
            10.9525303
          ],
          [
            76.7472282,
            10.9523618
          ],
          [
            76.7475715,
            10.9518562
          ],
          [
            76.7477217,
            10.9516666
          ],
          [
            76.7480865,
            10.951793
          ],
          [
            76.7487087,
            10.9520879
          ],
          [
            76.7490091,
            10.9519826
          ],
          [
            76.7493601,
            10.9515612
          ],
          [
            76.7499395,
            10.9510346
          ],
          [
            76.7504974,
            10.950866
          ],
          [
            76.7510338,
            10.9506975
          ],
          [
            76.7512913,
            10.9502761
          ],
          [
            76.751463,
            10.949602
          ],
          [
            76.751463,
            10.9489911
          ],
          [
            76.7519994,
            10.9489068
          ],
          [
            76.7526002,
            10.9491596
          ],
          [
            76.7526646,
            10.949602
          ],
          [
            76.7532225,
            10.9504868
          ],
          [
            76.7535658,
            10.9509292
          ],
          [
            76.7543168,
            10.9510978
          ],
          [
            76.7547674,
            10.9506975
          ],
          [
            76.7551966,
            10.9503815
          ],
          [
            76.7555399,
            10.9503393
          ],
          [
            76.7558618,
            10.95055
          ],
          [
            76.7562909,
            10.9510556
          ],
          [
            76.7566343,
            10.951182
          ],
          [
            76.7571063,
            10.9509292
          ],
          [
            76.7576428,
            10.9506553
          ],
          [
            76.7580505,
            10.9503393
          ],
          [
            76.7584796,
            10.9503604
          ],
          [
            76.7590804,
            10.9505289
          ],
          [
            76.7596169,
            10.9504025
          ],
          [
            76.7601011,
            10.9501588
          ],
          [
            76.7606579,
            10.9500932
          ],
          [
            76.7610523,
            10.9501477
          ],
          [
            76.7613419,
            10.9501053
          ],
          [
            76.7618657,
            10.9500025
          ],
          [
            76.7622854,
            10.9499359
          ],
          [
            76.762575,
            10.9501174
          ],
          [
            76.7630002,
            10.9504018
          ],
          [
            76.7632282,
            10.9504683
          ],
          [
            76.7635733,
            10.9503715
          ],
          [
            76.7638321,
            10.9502687
          ],
          [
            76.763943,
            10.9500388
          ],
          [
            76.7642141,
            10.9499178
          ],
          [
            76.7644606,
            10.9496939
          ],
          [
            76.7649075,
            10.9493249
          ],
          [
            76.765308,
            10.9491373
          ],
          [
            76.7657763,
            10.9491192
          ],
          [
            76.7662077,
            10.9491857
          ],
          [
            76.7666245,
            10.9493163
          ],
          [
            76.767226,
            10.9495799
          ],
          [
            76.7677018,
            10.9496333
          ],
          [
            76.7679363,
            10.9495532
          ],
          [
            76.7681878,
            10.9492196
          ],
          [
            76.7684087,
            10.9487825
          ],
          [
            76.7684902,
            10.948679
          ],
          [
            76.7690136,
            10.9485456
          ],
          [
            76.7694078,
            10.9484755
          ],
          [
            76.7698836,
            10.9485422
          ],
          [
            76.7701555,
            10.9485289
          ],
          [
            76.7705667,
            10.9486323
          ],
          [
            76.7711036,
            10.9487391
          ],
          [
            76.771576,
            10.9488392
          ],
          [
            76.771943,
            10.9490227
          ],
          [
            76.7722999,
            10.9492896
          ],
          [
            76.7724494,
            10.9496066
          ],
          [
            76.7725106,
            10.9498568
          ],
          [
            76.7725446,
            10.9501705
          ],
          [
            76.7723882,
            10.9504207
          ],
          [
            76.7719974,
            10.9505775
          ],
          [
            76.771627,
            10.9511281
          ],
          [
            76.7714605,
            10.9514517
          ],
          [
            76.7713313,
            10.9519222
          ],
          [
            76.7713279,
            10.9521891
          ],
          [
            76.7714537,
            10.9524293
          ],
          [
            76.7716304,
            10.9524861
          ],
          [
            76.7718207,
            10.9524527
          ],
          [
            76.7719566,
            10.9522992
          ],
          [
            76.7721877,
            10.9521924
          ],
          [
            76.7723067,
            10.9522125
          ],
          [
            76.7725004,
            10.9522859
          ],
          [
            76.7727213,
            10.9523059
          ],
          [
            76.7729184,
            10.9522258
          ],
          [
            76.7731087,
            10.9521991
          ],
          [
            76.7733534,
            10.9522859
          ],
          [
            76.7735743,
            10.9524827
          ],
          [
            76.7738088,
            10.9525728
          ],
          [
            76.7739685,
            10.9525428
          ],
          [
            76.7741452,
            10.9523426
          ],
          [
            76.7743797,
            10.9521858
          ],
          [
            76.7746584,
            10.9520423
          ],
          [
            76.7749269,
            10.9520456
          ],
          [
            76.7752531,
            10.9521824
          ],
          [
            76.7755318,
            10.9524594
          ],
          [
            76.7758683,
            10.9526662
          ],
          [
            76.7760518,
            10.9526462
          ],
          [
            76.7764562,
            10.9524727
          ],
          [
            76.776813,
            10.9522425
          ],
          [
            76.7771835,
            10.9521157
          ],
          [
            76.7775199,
            10.9521057
          ],
          [
            76.7779685,
            10.9523693
          ],
          [
            76.7783185,
            10.9527396
          ],
          [
            76.7784885,
            10.9529765
          ],
          [
            76.7788215,
            10.9532668
          ],
          [
            76.7790968,
            10.9535504
          ],
          [
            76.7794876,
            10.9538173
          ],
          [
            76.7798614,
            10.9538774
          ],
          [
            76.7803168,
            10.9540042
          ],
          [
            76.7808844,
            10.954171
          ],
          [
            76.7814315,
            10.9542277
          ],
          [
            76.7819549,
            10.9540876
          ],
          [
            76.7823321,
            10.9538641
          ],
          [
            76.7824647,
            10.9535938
          ],
          [
            76.7825836,
            10.9532301
          ],
          [
            76.7826788,
            10.9529532
          ],
          [
            76.7829608,
            10.9528064
          ],
          [
            76.7833075,
            10.9528231
          ],
          [
            76.7837051,
            10.9529498
          ],
          [
            76.78396,
            10.95315
          ],
          [
            76.7845309,
            10.9533269
          ],
          [
            76.7849863,
            10.9534336
          ],
          [
            76.785248,
            10.9536772
          ],
          [
            76.7855674,
            10.9540242
          ],
          [
            76.7859345,
            10.954468
          ],
          [
            76.7863627,
            10.9548116
          ],
          [
            76.7866074,
            10.9552153
          ],
          [
            76.7868249,
            10.9555824
          ],
          [
            76.7869778,
            10.9557926
          ],
          [
            76.7872599,
            10.9559694
          ],
          [
            76.7876065,
            10.9560328
          ],
          [
            76.7878376,
            10.9560929
          ],
          [
            76.7882284,
            10.9563531
          ],
          [
            76.7884459,
            10.95665
          ],
          [
            76.7887518,
            10.9569603
          ],
          [
            76.7891528,
            10.9571705
          ],
          [
            76.789564,
            10.9572873
          ],
          [
            76.7898529,
            10.9573073
          ],
          [
            76.7902981,
            10.9574441
          ],
          [
            76.7904816,
            10.9575142
          ],
          [
            76.7907025,
            10.9576009
          ],
          [
            76.7911001,
            10.9576777
          ],
          [
            76.79127,
            10.9578111
          ],
          [
            76.7913414,
            10.9581448
          ],
          [
            76.7913312,
            10.9584184
          ],
          [
            76.7911647,
            10.9586286
          ],
          [
            76.7910933,
            10.9588254
          ],
          [
            76.7910525,
            10.9591324
          ],
          [
            76.7911239,
            10.9595761
          ],
          [
            76.7911681,
            10.9599465
          ],
          [
            76.7910695,
            10.9602835
          ],
          [
            76.7910627,
            10.9606171
          ],
          [
            76.7909982,
            10.9609174
          ],
          [
            76.7910084,
            10.9611276
          ],
          [
            76.7911103,
            10.9613712
          ],
          [
            76.7913006,
            10.9615914
          ],
          [
            76.7916371,
            10.9616981
          ],
          [
            76.7919361,
            10.9616815
          ],
          [
            76.7922794,
            10.9616047
          ],
          [
            76.7925173,
            10.961518
          ],
          [
            76.792762,
            10.9613278
          ],
          [
            76.7929183,
            10.9610709
          ],
          [
            76.7931426,
            10.9610342
          ],
          [
            76.7934824,
            10.9611143
          ],
          [
            76.7938325,
            10.961151
          ],
          [
            76.793999,
            10.9613945
          ],
          [
            76.7942471,
            10.9614779
          ],
          [
            76.7946073,
            10.9614746
          ],
          [
            76.7950185,
            10.9615213
          ],
          [
            76.7955351,
            10.9616414
          ],
          [
            76.796106,
            10.9616781
          ],
          [
            76.7964527,
            10.9617415
          ],
          [
            76.7966906,
            10.9616081
          ],
          [
            76.7968571,
            10.9616063
          ],
          [
            76.7969896,
            10.9617415
          ],
          [
            76.7971018,
            10.961945
          ],
          [
            76.7971188,
            10.9621519
          ],
          [
            76.7970372,
            10.9624422
          ],
          [
            76.7969421,
            10.9627658
          ],
          [
            76.7970168,
            10.9631828
          ],
          [
            76.7971426,
            10.9634164
          ],
          [
            76.7973431,
            10.9637033
          ],
          [
            76.7976489,
            10.9639769
          ],
          [
            76.7980975,
            10.9642372
          ],
          [
            76.7984,
            10.9644273
          ],
          [
            76.798733,
            10.9646275
          ],
          [
            76.7988996,
            10.9646309
          ],
          [
            76.7990865,
            10.9644774
          ],
          [
            76.7992428,
            10.9642038
          ],
          [
            76.7994501,
            10.964107
          ],
          [
            76.799773,
            10.964027
          ],
          [
            76.7999769,
            10.9639736
          ],
          [
            76.8002352,
            10.9641271
          ],
          [
            76.8006838,
            10.9645174
          ],
          [
            76.8008979,
            10.9645942
          ],
          [
            76.8011426,
            10.9646142
          ],
          [
            76.8014144,
            10.9644474
          ],
          [
            76.8017067,
            10.9642572
          ],
          [
            76.8018562,
            10.9639836
          ],
          [
            76.8020601,
            10.9637901
          ],
          [
            76.8021689,
            10.9636433
          ],
          [
            76.8023558,
            10.9634164
          ],
          [
            76.8025801,
            10.9632829
          ],
          [
            76.8028384,
            10.9632496
          ],
          [
            76.8031646,
            10.9633897
          ],
          [
            76.8034603,
            10.9635198
          ],
          [
            76.8037254,
            10.9635532
          ],
          [
            76.8040754,
            10.9634798
          ],
          [
            76.8043031,
            10.9633563
          ],
          [
            76.8047653,
            10.963343
          ],
          [
            76.804959,
            10.9634498
          ],
          [
            76.8050508,
            10.9637267
          ],
          [
            76.8052547,
            10.9640236
          ],
          [
            76.8055571,
            10.9642739
          ],
          [
            76.8057067,
            10.9645374
          ],
          [
            76.8058732,
            10.964791
          ],
          [
            76.8059412,
            10.9650813
          ],
          [
            76.8060193,
            10.9653715
          ],
          [
            76.8061893,
            10.9656618
          ],
          [
            76.8064203,
            10.9658853
          ],
          [
            76.8065937,
            10.966189
          ],
          [
            76.8067398,
            10.9665893
          ],
          [
            76.8067636,
            10.9669497
          ],
          [
            76.8068554,
            10.9671332
          ],
          [
            76.8070321,
            10.9671999
          ],
          [
            76.8071578,
            10.96734
          ],
          [
            76.8072836,
            10.9676002
          ],
          [
            76.8074433,
            10.9676703
          ],
          [
            76.8079768,
            10.9675969
          ],
          [
            76.8081502,
            10.9674301
          ],
          [
            76.8084322,
            10.9671732
          ],
          [
            76.8086939,
            10.9668329
          ],
          [
            76.8090338,
            10.9665193
          ],
          [
            76.8093362,
            10.9664392
          ],
          [
            76.8104866,
            10.9668304
          ],
          [
            76.8109231,
            10.9668336
          ],
          [
            76.8112167,
            10.966583
          ],
          [
            76.8113549,
            10.96625
          ],
          [
            76.811492,
            10.9661428
          ],
          [
            76.8120775,
            10.966433
          ],
          [
            76.8125671,
            10.9667095
          ],
          [
            76.8137522,
            10.9673582
          ],
          [
            76.8143219,
            10.9674555
          ],
          [
            76.8146318,
            10.9673322
          ],
          [
            76.8148543,
            10.9672525
          ],
          [
            76.8150764,
            10.9672043
          ],
          [
            76.8154457,
            10.9674938
          ],
          [
            76.8157549,
            10.9682647
          ],
          [
            76.8158662,
            10.9690904
          ],
          [
            76.8156747,
            10.9695927
          ],
          [
            76.8158291,
            10.9700367
          ],
          [
            76.8161179,
            10.9704533
          ],
          [
            76.8164591,
            10.9705561
          ],
          [
            76.8169301,
            10.9703323
          ],
          [
            76.8174545,
            10.9701473
          ],
          [
            76.8181566,
            10.9703245
          ],
          [
            76.8189417,
            10.9698745
          ],
          [
            76.8192579,
            10.9691149
          ],
          [
            76.8196074,
            10.9685513
          ],
          [
            76.821967,
            10.9689654
          ],
          [
            76.8253922,
            10.9685936
          ],
          [
            76.8260587,
            10.9679777
          ],
          [
            76.8275992,
            10.9689235
          ],
          [
            76.833597,
            10.9683633
          ],
          [
            76.8418771,
            10.9691954
          ],
          [
            76.8479405,
            10.9726517
          ],
          [
            76.8491221,
            10.9740986
          ],
          [
            76.8496546,
            10.9746142
          ],
          [
            76.849939,
            10.9757097
          ],
          [
            76.8504131,
            10.9766906
          ],
          [
            76.8508361,
            10.9769269
          ],
          [
            76.8512008,
            10.9769771
          ],
          [
            76.8516822,
            10.9768983
          ],
          [
            76.8520104,
            10.9765904
          ],
          [
            76.8523314,
            10.97644
          ],
          [
            76.8527575,
            10.9764092
          ],
          [
            76.8530534,
            10.9766047
          ],
          [
            76.8533817,
            10.976841
          ],
          [
            76.8537609,
            10.9768983
          ],
          [
            76.8543225,
            10.9765832
          ],
          [
            76.854782,
            10.9762825
          ],
          [
            76.8551978,
            10.976125
          ],
          [
            76.8557521,
            10.9762109
          ],
          [
            76.8564085,
            10.9765761
          ],
          [
            76.8571087,
            10.9767336
          ],
          [
            76.8576849,
            10.9769484
          ],
          [
            76.8582465,
            10.9770916
          ],
          [
            76.8589395,
            10.9767336
          ],
          [
            76.8595229,
            10.9765331
          ],
          [
            76.8600262,
            10.97644
          ],
          [
            76.8604711,
            10.9765976
          ],
          [
            76.8607848,
            10.9768911
          ],
          [
            76.8616509,
            10.9779333
          ],
          [
            76.8621757,
            10.9786472
          ],
          [
            76.8627946,
            10.9791737
          ],
          [
            76.8633825,
            10.9797206
          ],
          [
            76.8640839,
            10.9798421
          ],
          [
            76.8650432,
            10.9797914
          ],
          [
            76.8662397,
            10.9793054
          ],
          [
            76.867034,
            10.9784953
          ],
          [
            76.8680448,
            10.9785662
          ],
          [
            76.8687256,
            10.9789712
          ],
          [
            76.8693548,
            10.9793155
          ],
          [
            76.8697365,
            10.9789307
          ],
          [
            76.8700253,
            10.9784852
          ],
          [
            76.8710536,
            10.9768291
          ],
          [
            76.87189,
            10.9766784
          ],
          [
            76.8730163,
            10.9775721
          ],
          [
            76.8735795,
            10.9779346
          ],
          [
            76.8741427,
            10.9780023
          ],
          [
            76.8751615,
            10.9771038
          ],
          [
            76.8755207,
            10.9765492
          ],
          [
            76.8755151,
            10.975805
          ],
          [
            76.8759336,
            10.9756029
          ],
          [
            76.876438,
            10.9759907
          ],
          [
            76.8777471,
            10.977061
          ],
          [
            76.8787773,
            10.9773731
          ],
          [
            76.8797645,
            10.9773059
          ],
          [
            76.881503,
            10.9764343
          ],
          [
            76.8827156,
            10.977452
          ],
          [
            76.8832977,
            10.9769481
          ],
          [
            76.8834935,
            10.9761493
          ],
          [
            76.8836465,
            10.9756559
          ],
          [
            76.8840998,
            10.9753311
          ],
          [
            76.8857231,
            10.9765081
          ],
          [
            76.8879043,
            10.9772427
          ],
          [
            76.888353,
            10.9772263
          ],
          [
            76.8888017,
            10.9770834
          ],
          [
            76.8896134,
            10.9765871
          ],
          [
            76.8904912,
            10.9769393
          ],
          [
            76.8911975,
            10.9776285
          ],
          [
            76.8928245,
            10.9777009
          ],
          [
            76.8936344,
            10.9776958
          ],
          [
            76.8942991,
            10.9778295
          ],
          [
            76.8949654,
            10.9779573
          ],
          [
            76.8951887,
            10.9783225
          ],
          [
            76.8957591,
            10.9788987
          ],
          [
            76.896333,
            10.9792098
          ],
          [
            76.8968008,
            10.9795236
          ],
          [
            76.8973547,
            10.9794993
          ],
          [
            76.8977102,
            10.9796616
          ],
          [
            76.8982062,
            10.9798158
          ],
          [
            76.898601,
            10.9797441
          ],
          [
            76.8992561,
            10.9792233
          ],
          [
            76.9002482,
            10.9792964
          ],
          [
            76.90128,
            10.9795996
          ],
          [
            76.9023811,
            10.9791665
          ],
          [
            76.9032797,
            10.97969
          ],
          [
            76.9034559,
            10.980457
          ],
          [
            76.90403,
            10.980978
          ],
          [
            76.9050184,
            10.9810494
          ],
          [
            76.9062821,
            10.9815904
          ],
          [
            76.9072197,
            10.9812033
          ],
          [
            76.9079905,
            10.9806399
          ],
          [
            76.908258,
            10.9806466
          ],
          [
            76.9085425,
            10.9808113
          ],
          [
            76.9089691,
            10.981584
          ],
          [
            76.9089725,
            10.9821458
          ],
          [
            76.9090774,
            10.9823519
          ],
          [
            76.9093153,
            10.982366
          ],
          [
            76.9098326,
            10.9821857
          ],
          [
            76.910511,
            10.9821196
          ],
          [
            76.9108518,
            10.9820095
          ],
          [
            76.9112514,
            10.9819131
          ],
          [
            76.9122977,
            10.9817661
          ],
          [
            76.9136428,
            10.9814433
          ],
          [
            76.9140544,
            10.9806682
          ],
          [
            76.9140618,
            10.9792761
          ],
          [
            76.9141424,
            10.9788964
          ],
          [
            76.9144629,
            10.9787058
          ],
          [
            76.9150524,
            10.9786419
          ],
          [
            76.9156238,
            10.9789832
          ],
          [
            76.9161233,
            10.9795931
          ],
          [
            76.9168704,
            10.9803805
          ],
          [
            76.9175022,
            10.9809581
          ],
          [
            76.9192197,
            10.9817009
          ],
          [
            76.91957,
            10.9817277
          ],
          [
            76.9199404,
            10.9814661
          ],
          [
            76.9208908,
            10.9807005
          ],
          [
            76.9218355,
            10.9804027
          ],
          [
            76.9224019,
            10.9802839
          ],
          [
            76.9234422,
            10.9800585
          ],
          [
            76.9242535,
            10.9803508
          ],
          [
            76.9256412,
            10.9801031
          ],
          [
            76.9265968,
            10.9797572
          ],
          [
            76.9272641,
            10.9793795
          ],
          [
            76.9278583,
            10.9788419
          ],
          [
            76.928481,
            10.9780913
          ],
          [
            76.9288991,
            10.9782244
          ],
          [
            76.9297809,
            10.9779439
          ],
          [
            76.9307689,
            10.9778093
          ],
          [
            76.9316788,
            10.9777204
          ],
          [
            76.9321674,
            10.977683
          ],
          [
            76.9325498,
            10.977847
          ],
          [
            76.9335113,
            10.9785983
          ],
          [
            76.9336655,
            10.9791427
          ],
          [
            76.9338101,
            10.9800445
          ],
          [
            76.9342521,
            10.9805993
          ],
          [
            76.9353644,
            10.9807199
          ],
          [
            76.936071,
            10.9806853
          ],
          [
            76.9364142,
            10.9802876
          ],
          [
            76.9373872,
            10.9800862
          ],
          [
            76.9379535,
            10.9801102
          ],
          [
            76.9384602,
            10.980677
          ],
          [
            76.9388637,
            10.9809307
          ],
          [
            76.9393945,
            10.9810662
          ],
          [
            76.9397535,
            10.9809121
          ],
          [
            76.9401095,
            10.9806652
          ],
          [
            76.9405141,
            10.9800805
          ],
          [
            76.9407732,
            10.9788488
          ],
          [
            76.9409452,
            10.97816
          ],
          [
            76.9410348,
            10.9778643
          ],
          [
            76.9411668,
            10.9777075
          ],
          [
            76.9413642,
            10.9775723
          ],
          [
            76.9417245,
            10.9776108
          ],
          [
            76.9420854,
            10.9780295
          ],
          [
            76.9424933,
            10.9783529
          ],
          [
            76.9430244,
            10.978519
          ],
          [
            76.9436212,
            10.9783256
          ],
          [
            76.9442692,
            10.978074
          ],
          [
            76.9449371,
            10.9778075
          ],
          [
            76.9454351,
            10.977343
          ],
          [
            76.9459497,
            10.9764856
          ],
          [
            76.9463677,
            10.9758348
          ],
          [
            76.9466423,
            10.9755476
          ],
          [
            76.9469911,
            10.9756287
          ],
          [
            76.9477964,
            10.9758332
          ],
          [
            76.9484207,
            10.976339
          ],
          [
            76.9488201,
            10.9765512
          ],
          [
            76.949354,
            10.9768328
          ],
          [
            76.9501016,
            10.9769748
          ],
          [
            76.9504882,
            10.9769916
          ],
          [
            76.9509776,
            10.9767784
          ],
          [
            76.9512051,
            10.976447
          ],
          [
            76.9511284,
            10.9762551
          ],
          [
            76.9510021,
            10.9760563
          ],
          [
            76.9508629,
            10.9756725
          ],
          [
            76.9507182,
            10.9750587
          ],
          [
            76.9507187,
            10.9746974
          ],
          [
            76.9508679,
            10.9744612
          ],
          [
            76.9511726,
            10.9743831
          ],
          [
            76.9515374,
            10.9744683
          ],
          [
            76.9520831,
            10.9745831
          ],
          [
            76.9530753,
            10.974771
          ],
          [
            76.9536516,
            10.974886
          ],
          [
            76.9542563,
            10.9748412
          ],
          [
            76.9546172,
            10.9746887
          ],
          [
            76.9547332,
            10.9743186
          ],
          [
            76.9544038,
            10.9734155
          ],
          [
            76.9543278,
            10.9729194
          ],
          [
            76.9551421,
            10.9725868
          ],
          [
            76.956159,
            10.9726512
          ],
          [
            76.9571599,
            10.9733119
          ],
          [
            76.9587636,
            10.9740637
          ],
          [
            76.9596262,
            10.9752967
          ],
          [
            76.9600024,
            10.9756397
          ],
          [
            76.9608865,
            10.9755949
          ],
          [
            76.9614934,
            10.9752446
          ],
          [
            76.9623749,
            10.9751189
          ],
          [
            76.963738,
            10.9746371
          ],
          [
            76.9643426,
            10.9740699
          ],
          [
            76.9650951,
            10.9734894
          ],
          [
            76.9656192,
            10.9733048
          ],
          [
            76.966506,
            10.9733048
          ],
          [
            76.967955,
            10.973471
          ],
          [
            76.9687769,
            10.9731465
          ],
          [
            76.9700266,
            10.9730409
          ],
          [
            76.9707791,
            10.973252
          ],
          [
            76.9719249,
            10.9735837
          ],
          [
            76.9726126,
            10.9733881
          ],
          [
            76.9730634,
            10.9728958
          ],
          [
            76.9744206,
            10.9721439
          ],
          [
            76.9753746,
            10.9716294
          ],
          [
            76.9773096,
            10.9712733
          ],
          [
            76.9780755,
            10.9711281
          ],
          [
            76.9788952,
            10.9706796
          ],
          [
            76.9798492,
            10.9706401
          ],
          [
            76.9802255,
            10.9709698
          ],
          [
            76.9808705,
            10.9712337
          ],
          [
            76.9823082,
            10.9721439
          ],
          [
            76.9830204,
            10.9721439
          ],
          [
            76.9833415,
            10.9716223
          ],
          [
            76.9838034,
            10.9709421
          ],
          [
            76.9844543,
            10.9705298
          ],
          [
            76.9853976,
            10.9703833
          ],
          [
            76.9858939,
            10.97057
          ],
          [
            76.9865118,
            10.9708184
          ],
          [
            76.9871837,
            10.9717047
          ],
          [
            76.9877926,
            10.9723643
          ],
          [
            76.9882595,
            10.9729701
          ],
          [
            76.9888424,
            10.9731269
          ],
          [
            76.9896402,
            10.9730857
          ],
          [
            76.9909419,
            10.9727972
          ],
          [
            76.9922857,
            10.9723849
          ],
          [
            76.9927686,
            10.9725498
          ],
          [
            76.9932725,
            10.9732918
          ],
          [
            76.9933564,
            10.973869
          ],
          [
            76.9936084,
            10.9742606
          ],
          [
            76.9944272,
            10.9743636
          ],
          [
            76.995561,
            10.974343
          ],
          [
            76.9960533,
            10.9741272
          ],
          [
            76.9964003,
            10.9733621
          ],
          [
            76.9969141,
            10.9730903
          ],
          [
            76.9974296,
            10.9731888
          ],
          [
            76.9984164,
            10.9733331
          ],
          [
            76.9990883,
            10.9734361
          ],
          [
            76.999719,
            10.9745804
          ],
          [
            77.0004279,
            10.9754143
          ],
          [
            77.0007307,
            10.9758708
          ],
          [
            77.00104,
            10.9760721
          ],
          [
            77.0012598,
            10.9764354
          ],
          [
            77.0011828,
            10.9771789
          ],
          [
            77.0009236,
            10.977407
          ],
          [
            77.0008443,
            10.9779161
          ],
          [
            77.001297,
            10.9781902
          ],
          [
            77.0017698,
            10.9782866
          ],
          [
            77.0029725,
            10.9783364
          ],
          [
            77.0038089,
            10.9785378
          ],
          [
            77.0039599,
            10.9793322
          ],
          [
            77.0042043,
            10.979842
          ],
          [
            77.0045025,
            10.9802528
          ],
          [
            77.0048597,
            10.9803847
          ],
          [
            77.0061141,
            10.9802379
          ],
          [
            77.0066303,
            10.9803018
          ],
          [
            77.0070712,
            10.9806756
          ],
          [
            77.0077375,
            10.9814169
          ],
          [
            77.0080506,
            10.9815883
          ],
          [
            77.0090373,
            10.9816296
          ],
          [
            77.0101665,
            10.9823469
          ],
          [
            77.0107438,
            10.9825129
          ],
          [
            77.0114037,
            10.9824913
          ],
          [
            77.0126452,
            10.9822412
          ],
          [
            77.0141088,
            10.9818221
          ],
          [
            77.0146834,
            10.9817623
          ],
          [
            77.0157694,
            10.9824705
          ],
          [
            77.0168431,
            10.9830353
          ],
          [
            77.0181888,
            10.9835387
          ],
          [
            77.0189769,
            10.9835294
          ],
          [
            77.0195797,
            10.9833976
          ],
          [
            77.019841,
            10.983154
          ],
          [
            77.0204422,
            10.9830894
          ],
          [
            77.0210242,
            10.9829336
          ],
          [
            77.0213735,
            10.9832046
          ],
          [
            77.0226172,
            10.9843383
          ],
          [
            77.0236388,
            10.9844255
          ],
          [
            77.0250157,
            10.9839459
          ],
          [
            77.0259929,
            10.9833791
          ],
          [
            77.0271033,
            10.9830738
          ],
          [
            77.0283914,
            10.9833791
          ],
          [
            77.0297239,
            10.9833791
          ],
          [
            77.0309231,
            10.9835971
          ],
          [
            77.0319447,
            10.9843819
          ],
          [
            77.0329219,
            10.9848616
          ],
          [
            77.0338102,
            10.9852976
          ],
          [
            77.0352317,
            10.9849888
          ],
          [
            77.0355343,
            10.9850074
          ],
          [
            77.0357307,
            10.9851803
          ],
          [
            77.035917,
            10.9855925
          ],
          [
            77.0360186,
            10.9860745
          ],
          [
            77.0359818,
            10.9866593
          ],
          [
            77.0363775,
            10.9868125
          ],
          [
            77.0370812,
            10.9870229
          ],
          [
            77.0379277,
            10.9868778
          ],
          [
            77.0396733,
            10.9872597
          ],
          [
            77.0404728,
            10.9872161
          ],
          [
            77.0424454,
            10.9862523
          ],
          [
            77.0429914,
            10.98581
          ],
          [
            77.0433557,
            10.9858891
          ],
          [
            77.0436019,
            10.9860734
          ],
          [
            77.0446885,
            10.9867997
          ],
          [
            77.0452054,
            10.9871245
          ],
          [
            77.0455095,
            10.987229
          ],
          [
            77.0458028,
            10.9872597
          ],
          [
            77.0473347,
            10.9878887
          ],
          [
            77.04754,
            10.9883783
          ],
          [
            77.0479384,
            10.9885519
          ],
          [
            77.0486387,
            10.9889465
          ],
          [
            77.0493259,
            10.9893203
          ],
          [
            77.0500668,
            10.9894835
          ],
          [
            77.0512822,
            10.9895242
          ],
          [
            77.0521705,
            10.9893119
          ],
          [
            77.0530428,
            10.9896579
          ],
          [
            77.0541088,
            10.9900939
          ],
          [
            77.0550001,
            10.991181
          ],
          [
            77.0552803,
            10.9917403
          ],
          [
            77.0556893,
            10.9922155
          ],
          [
            77.0561734,
            10.9926116
          ],
          [
            77.0569514,
            10.9929716
          ],
          [
            77.0575834,
            10.9933587
          ],
          [
            77.0578398,
            10.9940617
          ],
          [
            77.058047,
            10.9945601
          ],
          [
            77.0581422,
            10.9947891
          ],
          [
            77.0585949,
            10.9952216
          ],
          [
            77.0589568,
            10.9952798
          ],
          [
            77.0591539,
            10.995301
          ],
          [
            77.059308,
            10.9953959
          ],
          [
            77.0595276,
            10.9958493
          ],
          [
            77.0601495,
            10.9966342
          ],
          [
            77.0606381,
            10.997637
          ],
          [
            77.0608765,
            10.9982802
          ],
          [
            77.0609752,
            10.9988848
          ],
          [
            77.0611169,
            10.9994894
          ],
          [
            77.0612586,
            11.0000576
          ],
          [
            77.0614593,
            11.0005678
          ],
          [
            77.0623282,
            11.0013895
          ],
          [
            77.0625033,
            11.0017143
          ],
          [
            77.0626445,
            11.0018187
          ],
          [
            77.0629593,
            11.0019312
          ],
          [
            77.0633649,
            11.0021663
          ],
          [
            77.063641,
            11.0023906
          ],
          [
            77.0636704,
            11.0026254
          ],
          [
            77.0643459,
            11.003238
          ],
          [
            77.0644067,
            11.0034989
          ],
          [
            77.064564,
            11.0036334
          ],
          [
            77.0644227,
            11.0041102
          ],
          [
            77.0644327,
            11.0043582
          ],
          [
            77.0650353,
            11.0051363
          ],
          [
            77.0660569,
            11.0066187
          ],
          [
            77.0662795,
            11.0070964
          ],
          [
            77.0662422,
            11.0082186
          ],
          [
            77.0660769,
            11.0086534
          ],
          [
            77.0660206,
            11.0092887
          ],
          [
            77.0660009,
            11.0097226
          ],
          [
            77.0666232,
            11.009874
          ],
          [
            77.0674515,
            11.0100801
          ],
          [
            77.0681963,
            11.0103768
          ],
          [
            77.0683508,
            11.0103421
          ],
          [
            77.0686608,
            11.009858
          ],
          [
            77.0687709,
            11.0097985
          ],
          [
            77.0688944,
            11.0097762
          ],
          [
            77.0690408,
            11.0098813
          ],
          [
            77.0694638,
            11.0098075
          ],
          [
            77.0702711,
            11.0098469
          ],
          [
            77.0708166,
            11.0099415
          ],
          [
            77.071265,
            11.0101526
          ],
          [
            77.0715365,
            11.010532
          ],
          [
            77.0718573,
            11.0106531
          ],
          [
            77.0727572,
            11.0104848
          ],
          [
            77.0740004,
            11.0102257
          ],
          [
            77.0743249,
            11.0100983
          ],
          [
            77.0749123,
            11.0094772
          ],
          [
            77.0764292,
            11.0091803
          ],
          [
            77.0770944,
            11.0092796
          ],
          [
            77.0774128,
            11.0095286
          ],
          [
            77.0776563,
            11.0098172
          ],
          [
            77.0779144,
            11.0100183
          ],
          [
            77.0782524,
            11.010379
          ],
          [
            77.0785153,
            11.0104721
          ],
          [
            77.0791706,
            11.0109386
          ],
          [
            77.0797265,
            11.0112191
          ],
          [
            77.0809891,
            11.0118562
          ],
          [
            77.0814624,
            11.0124663
          ],
          [
            77.0816561,
            11.0127512
          ],
          [
            77.0819644,
            11.0129512
          ],
          [
            77.0821899,
            11.0129565
          ],
          [
            77.0824601,
            11.0128751
          ],
          [
            77.082821,
            11.0127682
          ],
          [
            77.0833942,
            11.0127722
          ],
          [
            77.0840721,
            11.0127606
          ],
          [
            77.0844161,
            11.0128038
          ],
          [
            77.0846423,
            11.0129233
          ],
          [
            77.0847299,
            11.0131487
          ],
          [
            77.0847259,
            11.0134635
          ],
          [
            77.0847285,
            11.0141069
          ],
          [
            77.0849016,
            11.0142993
          ],
          [
            77.0850951,
            11.0144512
          ],
          [
            77.0858518,
            11.0146335
          ],
          [
            77.0862963,
            11.0146442
          ],
          [
            77.0865923,
            11.0147268
          ],
          [
            77.086746,
            11.0150157
          ],
          [
            77.0867898,
            11.0155288
          ],
          [
            77.0869509,
            11.0159632
          ],
          [
            77.0872483,
            11.0173581
          ],
          [
            77.0873538,
            11.0176001
          ],
          [
            77.0876939,
            11.0177531
          ],
          [
            77.0885055,
            11.0181117
          ],
          [
            77.0890758,
            11.0181936
          ],
          [
            77.0903164,
            11.0182874
          ],
          [
            77.0912614,
            11.0185533
          ],
          [
            77.0917738,
            11.0188198
          ],
          [
            77.0920542,
            11.0189656
          ],
          [
            77.0921569,
            11.0192752
          ],
          [
            77.0923608,
            11.0195701
          ],
          [
            77.0926531,
            11.0196859
          ],
          [
            77.093003,
            11.01974
          ],
          [
            77.0930635,
            11.019865
          ],
          [
            77.0929643,
            11.0200914
          ],
          [
            77.0933961,
            11.0205284
          ],
          [
            77.0939726,
            11.0206536
          ],
          [
            77.0942652,
            11.0207259
          ],
          [
            77.0945092,
            11.0208654
          ],
          [
            77.0950503,
            11.0212742
          ],
          [
            77.0955875,
            11.0213972
          ],
          [
            77.0956665,
            11.0219603
          ],
          [
            77.0958128,
            11.0221318
          ],
          [
            77.0959362,
            11.0223424
          ],
          [
            77.0964941,
            11.0224687
          ],
          [
            77.0968884,
            11.0223713
          ],
          [
            77.0970005,
            11.0224881
          ],
          [
            77.0973323,
            11.0228338
          ],
          [
            77.0976099,
            11.0230637
          ],
          [
            77.0977377,
            11.0235502
          ],
          [
            77.0978835,
            11.0240721
          ],
          [
            77.0978999,
            11.0244507
          ],
          [
            77.0976903,
            11.0251015
          ],
          [
            77.0976958,
            11.0255138
          ],
          [
            77.0979076,
            11.0258202
          ],
          [
            77.0982003,
            11.0261252
          ],
          [
            77.0992196,
            11.0271361
          ],
          [
            77.0995258,
            11.0274949
          ],
          [
            77.0999321,
            11.0276533
          ],
          [
            77.100433,
            11.0276576
          ],
          [
            77.1007565,
            11.0277848
          ],
          [
            77.1009616,
            11.0281224
          ],
          [
            77.1014051,
            11.0287881
          ],
          [
            77.1018424,
            11.0291821
          ],
          [
            77.1023833,
            11.0295738
          ],
          [
            77.1032103,
            11.0299277
          ],
          [
            77.1035614,
            11.0304187
          ],
          [
            77.1040473,
            11.0305486
          ],
          [
            77.104589,
            11.0307328
          ],
          [
            77.1050733,
            11.0306397
          ],
          [
            77.1056238,
            11.0307272
          ],
          [
            77.1062161,
            11.0312318
          ],
          [
            77.1081401,
            11.0321631
          ],
          [
            77.1102898,
            11.032851
          ],
          [
            77.111878,
            11.0327765
          ],
          [
            77.1129956,
            11.033349
          ],
          [
            77.1137412,
            11.0330284
          ],
          [
            77.1139929,
            11.0326723
          ],
          [
            77.1147349,
            11.0322992
          ],
          [
            77.1151824,
            11.0322074
          ],
          [
            77.1154599,
            11.0324326
          ],
          [
            77.1161527,
            11.0332078
          ],
          [
            77.1167593,
            11.0340115
          ],
          [
            77.1170245,
            11.0346249
          ],
          [
            77.1173183,
            11.0353045
          ],
          [
            77.1173466,
            11.0353699
          ],
          [
            77.1185737,
            11.0363866
          ],
          [
            77.1189818,
            11.0376885
          ],
          [
            77.1191663,
            11.0380455
          ],
          [
            77.1196204,
            11.0383581
          ],
          [
            77.1201321,
            11.0387222
          ],
          [
            77.1202494,
            11.0391647
          ],
          [
            77.1201517,
            11.0398317
          ],
          [
            77.1203904,
            11.040529
          ],
          [
            77.1205342,
            11.0409492
          ],
          [
            77.1211516,
            11.0420428
          ],
          [
            77.1226192,
            11.0433733
          ],
          [
            77.123888,
            11.0445741
          ],
          [
            77.1244154,
            11.0448822
          ],
          [
            77.1251567,
            11.0450188
          ],
          [
            77.1258852,
            11.0451139
          ],
          [
            77.1266121,
            11.0455088
          ],
          [
            77.1276308,
            11.0465162
          ],
          [
            77.1282643,
            11.0467092
          ],
          [
            77.1286458,
            11.0469312
          ],
          [
            77.1289456,
            11.0474542
          ],
          [
            77.1290691,
            11.0480327
          ],
          [
            77.1292648,
            11.0484519
          ],
          [
            77.1298239,
            11.0486211
          ],
          [
            77.1307737,
            11.0486303
          ],
          [
            77.1319282,
            11.0492417
          ],
          [
            77.1321964,
            11.0495523
          ],
          [
            77.1326605,
            11.0498582
          ],
          [
            77.1332774,
            11.0497524
          ],
          [
            77.133838,
            11.0497945
          ],
          [
            77.1355103,
            11.0497868
          ],
          [
            77.1364891,
            11.0499776
          ],
          [
            77.1374364,
            11.050489
          ],
          [
            77.1382596,
            11.0513082
          ],
          [
            77.1384987,
            11.0515335
          ],
          [
            77.1386981,
            11.0517214
          ],
          [
            77.13913,
            11.0519057
          ],
          [
            77.1395661,
            11.0519121
          ],
          [
            77.1406536,
            11.0515563
          ],
          [
            77.1416554,
            11.0512176
          ],
          [
            77.1427188,
            11.0513082
          ],
          [
            77.1435576,
            11.0515467
          ],
          [
            77.1448333,
            11.0527686
          ],
          [
            77.1451555,
            11.053035
          ],
          [
            77.1458368,
            11.0530443
          ],
          [
            77.1470083,
            11.0528131
          ],
          [
            77.1482318,
            11.0524128
          ],
          [
            77.1486297,
            11.0522295
          ],
          [
            77.1497724,
            11.0521905
          ],
          [
            77.1506319,
            11.0522703
          ],
          [
            77.1513702,
            11.0527804
          ],
          [
            77.1521197,
            11.0541156
          ],
          [
            77.1521996,
            11.0563763
          ],
          [
            77.1525202,
            11.0571693
          ],
          [
            77.1531849,
            11.0576677
          ],
          [
            77.1539713,
            11.0574825
          ],
          [
            77.1548474,
            11.0574826
          ],
          [
            77.1555323,
            11.0577379
          ],
          [
            77.1561063,
            11.0582099
          ],
          [
            77.1571559,
            11.0590778
          ],
          [
            77.1576516,
            11.0592821
          ],
          [
            77.1594671,
            11.0598965
          ],
          [
            77.1612954,
            11.0608871
          ],
          [
            77.1619482,
            11.06116
          ],
          [
            77.1622123,
            11.0618296
          ],
          [
            77.1625973,
            11.0627605
          ],
          [
            77.1634368,
            11.0633658
          ],
          [
            77.1648906,
            11.064361
          ],
          [
            77.1657344,
            11.0646281
          ],
          [
            77.1668182,
            11.0647167
          ],
          [
            77.1672668,
            11.064934
          ],
          [
            77.1680207,
            11.0663326
          ],
          [
            77.1686201,
            11.0674675
          ],
          [
            77.1688361,
            11.0676119
          ],
          [
            77.1690694,
            11.0676988
          ],
          [
            77.1704096,
            11.0675553
          ],
          [
            77.1706922,
            11.0678383
          ],
          [
            77.1709094,
            11.0682595
          ],
          [
            77.1713804,
            11.0686786
          ],
          [
            77.17169,
            11.0687991
          ],
          [
            77.1724303,
            11.0687201
          ],
          [
            77.1733093,
            11.0688253
          ],
          [
            77.1739135,
            11.0689333
          ],
          [
            77.1745197,
            11.0691808
          ],
          [
            77.1749571,
            11.0695771
          ],
          [
            77.175629,
            11.0702686
          ],
          [
            77.1764911,
            11.0717578
          ],
          [
            77.177218,
            11.0720631
          ],
          [
            77.1779512,
            11.0724796
          ],
          [
            77.1789105,
            11.0733029
          ],
          [
            77.1804773,
            11.0738108
          ],
          [
            77.1815846,
            11.0741926
          ],
          [
            77.182453,
            11.0747244
          ],
          [
            77.1845626,
            11.0761306
          ],
          [
            77.1857293,
            11.0764822
          ],
          [
            77.1868847,
            11.0765564
          ],
          [
            77.187456,
            11.0766722
          ],
          [
            77.1879404,
            11.0768712
          ],
          [
            77.1884457,
            11.0771671
          ],
          [
            77.1887113,
            11.077762
          ],
          [
            77.1894267,
            11.0785192
          ],
          [
            77.1901935,
            11.0788668
          ],
          [
            77.1908195,
            11.0787491
          ],
          [
            77.1913371,
            11.0786622
          ],
          [
            77.1916966,
            11.0786201
          ],
          [
            77.1918554,
            11.0786949
          ],
          [
            77.192351,
            11.0789017
          ],
          [
            77.1927694,
            11.0791544
          ],
          [
            77.1932667,
            11.0792777
          ],
          [
            77.1942473,
            11.0796414
          ],
          [
            77.1942638,
            11.0796621
          ],
          [
            77.1945129,
            11.0799757
          ],
          [
            77.194669,
            11.0804267
          ],
          [
            77.1949796,
            11.0812865
          ],
          [
            77.1953445,
            11.0821401
          ],
          [
            77.1960042,
            11.0827368
          ],
          [
            77.1966021,
            11.0834903
          ],
          [
            77.1964109,
            11.0840484
          ],
          [
            77.1965182,
            11.0842721
          ],
          [
            77.1972129,
            11.08443
          ],
          [
            77.198385,
            11.0845182
          ],
          [
            77.1989493,
            11.0851426
          ],
          [
            77.2000153,
            11.0856697
          ],
          [
            77.2005291,
            11.0858954
          ],
          [
            77.2010408,
            11.0862156
          ],
          [
            77.201146,
            11.0864745
          ],
          [
            77.2012908,
            11.0866614
          ],
          [
            77.2013793,
            11.0868957
          ],
          [
            77.2013928,
            11.0871893
          ],
          [
            77.2014196,
            11.0876643
          ],
          [
            77.2023154,
            11.0883597
          ],
          [
            77.202927,
            11.0884092
          ],
          [
            77.2034661,
            11.0883802
          ],
          [
            77.2040294,
            11.0885576
          ],
          [
            77.2044639,
            11.0888435
          ],
          [
            77.204767,
            11.0891804
          ],
          [
            77.2051157,
            11.0896226
          ],
          [
            77.2054883,
            11.0898985
          ],
          [
            77.2058881,
            11.0900542
          ],
          [
            77.206277,
            11.0900016
          ],
          [
            77.2069394,
            11.0899578
          ],
          [
            77.2073473,
            11.0899489
          ],
          [
            77.2075752,
            11.09002
          ],
          [
            77.2077469,
            11.0901858
          ],
          [
            77.208345,
            11.0907202
          ],
          [
            77.2086079,
            11.0908018
          ],
          [
            77.2091129,
            11.090593
          ],
          [
            77.2108997,
            11.0901399
          ],
          [
            77.2124528,
            11.0900781
          ],
          [
            77.2136712,
            11.0901176
          ],
          [
            77.2146482,
            11.0900911
          ],
          [
            77.2148985,
            11.0902109
          ],
          [
            77.2152651,
            11.090534
          ],
          [
            77.2161932,
            11.0913966
          ],
          [
            77.2169254,
            11.0916072
          ],
          [
            77.2174806,
            11.0921389
          ],
          [
            77.2176979,
            11.0923047
          ],
          [
            77.2181163,
            11.09241
          ],
          [
            77.2184304,
            11.0927364
          ],
          [
            77.2186072,
            11.0931496
          ],
          [
            77.2192681,
            11.0932699
          ],
          [
            77.2208547,
            11.0933544
          ],
          [
            77.2211606,
            11.0936865
          ],
          [
            77.2214235,
            11.0937102
          ],
          [
            77.2218419,
            11.0938576
          ],
          [
            77.2220618,
            11.0939787
          ],
          [
            77.2222298,
            11.0941415
          ],
          [
            77.2223113,
            11.094792
          ],
          [
            77.22244,
            11.0949578
          ],
          [
            77.222609,
            11.0951158
          ],
          [
            77.2228477,
            11.0952237
          ],
          [
            77.2230785,
            11.0954122
          ],
          [
            77.2233574,
            11.0955895
          ],
          [
            77.2238241,
            11.0958791
          ],
          [
            77.224154,
            11.0962318
          ],
          [
            77.2243122,
            11.0962712
          ],
          [
            77.2245175,
            11.0965555
          ],
          [
            77.2248943,
            11.0966713
          ],
          [
            77.2253243,
            11.0966717
          ],
          [
            77.2256694,
            11.096545
          ],
          [
            77.2258357,
            11.0964976
          ],
          [
            77.2260171,
            11.0965401
          ],
          [
            77.2264277,
            11.0968759
          ],
          [
            77.2265271,
            11.0975996
          ],
          [
            77.226535,
            11.0980235
          ],
          [
            77.2267281,
            11.0983814
          ],
          [
            77.2276701,
            11.0991443
          ],
          [
            77.2281765,
            11.0991395
          ],
          [
            77.2287129,
            11.0990342
          ],
          [
            77.2295549,
            11.0993741
          ],
          [
            77.2303254,
            11.0998291
          ],
          [
            77.2311162,
            11.1000712
          ],
          [
            77.2313978,
            11.1003652
          ],
          [
            77.2316794,
            11.1008713
          ],
          [
            77.2319691,
            11.1009713
          ],
          [
            77.2322212,
            11.1011661
          ],
          [
            77.232586,
            11.1012872
          ],
          [
            77.2329962,
            11.1015402
          ],
          [
            77.2330742,
            11.1019399
          ],
          [
            77.2332995,
            11.102161
          ],
          [
            77.2337608,
            11.1022242
          ],
          [
            77.23419,
            11.1027559
          ],
          [
            77.2343241,
            11.1031612
          ],
          [
            77.234823,
            11.1030822
          ],
          [
            77.2352039,
            11.1029717
          ],
          [
            77.2354999,
            11.1030193
          ],
          [
            77.2361668,
            11.102919
          ],
          [
            77.2365262,
            11.1026795
          ],
          [
            77.2369904,
            11.1024729
          ],
          [
            77.2373094,
            11.1026295
          ],
          [
            77.2375639,
            11.1028935
          ],
          [
            77.2378244,
            11.1028243
          ],
          [
            77.2379048,
            11.102819
          ],
          [
            77.2379937,
            11.1029093
          ],
          [
            77.2383635,
            11.1032244
          ],
          [
            77.2385486,
            11.1035244
          ],
          [
            77.2388248,
            11.1036744
          ],
          [
            77.2392536,
            11.1037835
          ],
          [
            77.2395705,
            11.1040166
          ],
          [
            77.2399111,
            11.1042719
          ],
          [
            77.2405173,
            11.1043166
          ],
          [
            77.2407775,
            11.1041719
          ],
          [
            77.2410678,
            11.1041204
          ],
          [
            77.2412013,
            11.1041587
          ],
          [
            77.2413164,
            11.1042626
          ],
          [
            77.2416599,
            11.1049509
          ],
          [
            77.2419711,
            11.1050194
          ],
          [
            77.2421722,
            11.1050904
          ],
          [
            77.2422286,
            11.1052536
          ],
          [
            77.242765,
            11.1053589
          ],
          [
            77.2429501,
            11.1053589
          ],
          [
            77.2432482,
            11.1055717
          ],
          [
            77.2434838,
            11.1057721
          ],
          [
            77.2438137,
            11.1058748
          ],
          [
            77.2445755,
            11.1059142
          ],
          [
            77.2447042,
            11.1058879
          ],
          [
            77.2449068,
            11.1056854
          ],
          [
            77.2452568,
            11.1056432
          ],
          [
            77.2455986,
            11.1056659
          ],
          [
            77.2459354,
            11.1057484
          ],
          [
            77.2462465,
            11.1059274
          ],
          [
            77.2469442,
            11.1066102
          ],
          [
            77.2472523,
            11.1066986
          ],
          [
            77.2477432,
            11.1069355
          ],
          [
            77.2482099,
            11.107396
          ],
          [
            77.2485881,
            11.1074461
          ],
          [
            77.2488974,
            11.107563
          ],
          [
            77.2491782,
            11.1076382
          ],
          [
            77.2494625,
            11.1079461
          ],
          [
            77.2498353,
            11.1082067
          ],
          [
            77.2508021,
            11.1087716
          ],
          [
            77.2513481,
            11.1087989
          ],
          [
            77.2516726,
            11.108762
          ],
          [
            77.251906,
            11.1086568
          ],
          [
            77.2524049,
            11.1087331
          ],
          [
            77.2530003,
            11.1087173
          ],
          [
            77.2537515,
            11.108672
          ],
          [
            77.2539766,
            11.1085357
          ],
          [
            77.2543119,
            11.1080277
          ],
          [
            77.2544031,
            11.1076171
          ],
          [
            77.2546867,
            11.1073016
          ],
          [
            77.2553204,
            11.1066986
          ],
          [
            77.2556691,
            11.1066433
          ],
          [
            77.2560274,
            11.1066936
          ],
          [
            77.2569539,
            11.106996
          ],
          [
            77.2579034,
            11.1068381
          ],
          [
            77.2586571,
            11.1068486
          ],
          [
            77.2595071,
            11.1070977
          ],
          [
            77.2599338,
            11.106917
          ],
          [
            77.2604551,
            11.1065462
          ],
          [
            77.2607894,
            11.10593
          ],
          [
            77.2612981,
            11.1055489
          ],
          [
            77.2620903,
            11.1054458
          ],
          [
            77.2628758,
            11.1053825
          ],
          [
            77.2636648,
            11.1055168
          ],
          [
            77.2639875,
            11.1055439
          ],
          [
            77.2640939,
            11.1051036
          ],
          [
            77.2644292,
            11.1048878
          ],
          [
            77.2647618,
            11.1049852
          ],
          [
            77.2651137,
            11.1051384
          ],
          [
            77.2655673,
            11.1052817
          ],
          [
            77.2658186,
            11.1054642
          ],
          [
            77.2659983,
            11.1057748
          ],
          [
            77.2660627,
            11.1061222
          ],
          [
            77.2661512,
            11.1063696
          ],
          [
            77.2664519,
            11.1066076
          ],
          [
            77.2667869,
            11.1065249
          ],
          [
            77.2671087,
            11.1060853
          ],
          [
            77.2675432,
            11.10583
          ],
          [
            77.2678417,
            11.1058123
          ],
          [
            77.2683372,
            11.1060695
          ],
          [
            77.2688026,
            11.1061634
          ],
          [
            77.2695388,
            11.1058827
          ],
          [
            77.270096,
            11.1060279
          ],
          [
            77.2712401,
            11.1064467
          ],
          [
            77.2720707,
            11.1069685
          ],
          [
            77.2729624,
            11.1071398
          ],
          [
            77.2737417,
            11.1070369
          ],
          [
            77.2739723,
            11.1065552
          ],
          [
            77.2742486,
            11.1060946
          ],
          [
            77.2749318,
            11.1057487
          ],
          [
            77.2753456,
            11.1055077
          ],
          [
            77.2756997,
            11.1055867
          ],
          [
            77.2760376,
            11.1057735
          ],
          [
            77.276551,
            11.1062604
          ],
          [
            77.2768235,
            11.1062236
          ],
          [
            77.2769469,
            11.1062631
          ],
          [
            77.2768396,
            11.1065079
          ],
          [
            77.2767297,
            11.1067237
          ],
          [
            77.2768745,
            11.1069106
          ],
          [
            77.2770435,
            11.1069948
          ],
          [
            77.2775987,
            11.1069658
          ],
          [
            77.277824,
            11.1069106
          ],
          [
            77.2781834,
            11.1069831
          ],
          [
            77.2782853,
            11.1070448
          ],
          [
            77.2784302,
            11.1072685
          ],
          [
            77.2788808,
            11.1074948
          ],
          [
            77.279357,
            11.1078457
          ],
          [
            77.2798464,
            11.108087
          ],
          [
            77.2804955,
            11.1080028
          ],
          [
            77.2812519,
            11.1079475
          ],
          [
            77.2817534,
            11.1080949
          ],
          [
            77.2819787,
            11.1082581
          ],
          [
            77.2825845,
            11.1083212
          ],
          [
            77.2831509,
            11.1084739
          ],
          [
            77.2838368,
            11.1084177
          ],
          [
            77.2844893,
            11.1082686
          ],
          [
            77.2850418,
            11.1084502
          ],
          [
            77.2856641,
            11.1086313
          ],
          [
            77.286332,
            11.1086661
          ],
          [
            77.2870454,
            11.1088766
          ],
          [
            77.287378,
            11.1090056
          ],
          [
            77.2877482,
            11.1089898
          ],
          [
            77.2881628,
            11.1087214
          ],
          [
            77.2887111,
            11.1086108
          ],
          [
            77.2888935,
            11.1086108
          ],
          [
            77.2891939,
            11.1084555
          ],
          [
            77.2898054,
            11.108266
          ],
          [
            77.2901963,
            11.108257
          ],
          [
            77.2906155,
            11.1085976
          ],
          [
            77.2908837,
            11.108953
          ],
          [
            77.2910902,
            11.1091267
          ],
          [
            77.2915676,
            11.1089977
          ],
          [
            77.2917334,
            11.108955
          ],
          [
            77.2919968,
            11.1089714
          ],
          [
            77.2922436,
            11.1090951
          ],
          [
            77.2926083,
            11.1091135
          ],
          [
            77.2928122,
            11.1090372
          ],
          [
            77.2930214,
            11.1089056
          ],
          [
            77.2933191,
            11.1089082
          ],
          [
            77.2935966,
            11.1089618
          ],
          [
            77.2941157,
            11.1090188
          ],
          [
            77.2948292,
            11.1087292
          ],
          [
            77.2960481,
            11.108547
          ],
          [
            77.2966585,
            11.108545
          ],
          [
            77.2973451,
            11.1084529
          ],
          [
            77.2982329,
            11.1081186
          ],
          [
            77.2989668,
            11.107929
          ],
          [
            77.2998265,
            11.1078392
          ],
          [
            77.3006523,
            11.1078607
          ],
          [
            77.3008105,
            11.1078317
          ],
          [
            77.3011431,
            11.107996
          ],
          [
            77.3018995,
            11.1081686
          ],
          [
            77.3020712,
            11.1081555
          ],
          [
            77.3022911,
            11.1080186
          ],
          [
            77.302739,
            11.107966
          ],
          [
            77.3031548,
            11.1078054
          ],
          [
            77.303313,
            11.1077159
          ],
          [
            77.3034854,
            11.1074765
          ],
          [
            77.3035893,
            11.1071527
          ],
          [
            77.3037395,
            11.1071816
          ],
          [
            77.3039487,
            11.1070579
          ],
          [
            77.3042484,
            11.1070937
          ],
          [
            77.3049519,
            11.1070237
          ],
          [
            77.3053372,
            11.1069578
          ],
          [
            77.3061964,
            11.1070185
          ],
          [
            77.3068917,
            11.1070779
          ],
          [
            77.3073015,
            11.1070395
          ],
          [
            77.3075026,
            11.1069685
          ],
          [
            77.3075536,
            11.1066868
          ],
          [
            77.3077682,
            11.106571
          ],
          [
            77.3080017,
            11.1061142
          ],
          [
            77.3084924,
            11.1053314
          ],
          [
            77.3086667,
            11.1050182
          ],
          [
            77.3090691,
            11.1047942
          ],
          [
            77.3095814,
            11.1048287
          ],
          [
            77.3100733,
            11.1050017
          ],
          [
            77.3107454,
            11.1053761
          ],
          [
            77.3112416,
            11.1053919
          ],
          [
            77.3114592,
            11.105272
          ],
          [
            77.312344,
            11.1052866
          ],
          [
            77.3131433,
            11.1052024
          ],
          [
            77.3133096,
            11.105284
          ],
          [
            77.3136261,
            11.1051182
          ],
          [
            77.3141438,
            11.1050524
          ],
          [
            77.3146111,
            11.1050123
          ],
          [
            77.315163,
            11.1048655
          ],
          [
            77.3156244,
            11.1048839
          ],
          [
            77.3161554,
            11.1045444
          ],
          [
            77.3169172,
            11.1042338
          ],
          [
            77.3175134,
            11.1037716
          ],
          [
            77.3178667,
            11.1038153
          ],
          [
            77.3183003,
            11.104056
          ],
          [
            77.3186832,
            11.1043725
          ],
          [
            77.3190254,
            11.1047102
          ],
          [
            77.3195465,
            11.1048106
          ],
          [
            77.3196986,
            11.1047629
          ],
          [
            77.320286,
            11.1038864
          ],
          [
            77.3205087,
            11.1033653
          ],
          [
            77.3209003,
            11.1031415
          ],
          [
            77.3215662,
            11.1029393
          ],
          [
            77.3220449,
            11.1026831
          ],
          [
            77.3223809,
            11.1026467
          ],
          [
            77.3242304,
            11.101935
          ],
          [
            77.3253046,
            11.1019071
          ],
          [
            77.3261628,
            11.1014281
          ],
          [
            77.3269774,
            11.1007742
          ],
          [
            77.328617,
            11.1002884
          ],
          [
            77.3303453,
            11.1000529
          ],
          [
            77.3318035,
            11.0998542
          ],
          [
            77.3332512,
            11.099555
          ],
          [
            77.3338822,
            11.0996015
          ],
          [
            77.3347774,
            11.0993997
          ],
          [
            77.3356444,
            11.099762
          ],
          [
            77.3364795,
            11.1001835
          ],
          [
            77.3372592,
            11.1007044
          ],
          [
            77.3372212,
            11.1011599
          ],
          [
            77.3373847,
            11.1015138
          ],
          [
            77.3375199,
            11.1015304
          ],
          [
            77.3376495,
            11.1015304
          ],
          [
            77.3377171,
            11.1015525
          ],
          [
            77.3377622,
            11.101641
          ],
          [
            77.337858,
            11.1017018
          ],
          [
            77.3385689,
            11.1021696
          ],
          [
            77.3393701,
            11.1027704
          ],
          [
            77.3397402,
            11.102935
          ],
          [
            77.340377,
            11.1029793
          ],
          [
            77.3406038,
            11.1029099
          ],
          [
            77.341042,
            11.1030069
          ],
          [
            77.3415041,
            11.1031064
          ],
          [
            77.3418648,
            11.1033276
          ],
          [
            77.3422076,
            11.1034535
          ],
          [
            77.3432467,
            11.1030745
          ],
          [
            77.3439442,
            11.1028078
          ],
          [
            77.3447975,
            11.1026994
          ],
          [
            77.3451108,
            11.1028078
          ],
          [
            77.3454038,
            11.1027581
          ],
          [
            77.3457723,
            11.10284
          ],
          [
            77.3464745,
            11.1033553
          ],
          [
            77.3472046,
            11.1035948
          ],
          [
            77.3479341,
            11.1039138
          ],
          [
            77.3482497,
            11.1040521
          ],
          [
            77.3483507,
            11.1040746
          ],
          [
            77.348585,
            11.1040894
          ],
          [
            77.3490499,
            11.1040465
          ],
          [
            77.3494162,
            11.1041018
          ],
          [
            77.3497825,
            11.1042014
          ],
          [
            77.3505883,
            11.1044502
          ],
          [
            77.3510617,
            11.1047543
          ],
          [
            77.3516534,
            11.1049811
          ],
          [
            77.3519547,
            11.1052323
          ],
          [
            77.3520535,
            11.1052852
          ],
          [
            77.3521662,
            11.1052797
          ],
          [
            77.3523804,
            11.1051801
          ],
          [
            77.3535374,
            11.1058866
          ],
          [
            77.3541104,
            11.1062529
          ],
          [
            77.3550492,
            11.1071013
          ],
          [
            77.35618,
            11.1075699
          ],
          [
            77.357111,
            11.1077056
          ],
          [
            77.358222,
            11.1078474
          ],
          [
            77.3592507,
            11.1081985
          ],
          [
            77.3599324,
            11.1081884
          ],
          [
            77.3605849,
            11.1079963
          ],
          [
            77.3608555,
            11.1082414
          ],
          [
            77.3615579,
            11.1082621
          ],
          [
            77.3621181,
            11.1081849
          ],
          [
            77.3625315,
            11.1083331
          ],
          [
            77.3628051,
            11.1085147
          ],
          [
            77.3631055,
            11.1085726
          ],
          [
            77.363378,
            11.1089105
          ],
          [
            77.3637761,
            11.109428
          ],
          [
            77.364165,
            11.1095912
          ],
          [
            77.3643554,
            11.1093491
          ],
          [
            77.3646853,
            11.1092885
          ],
          [
            77.3650738,
            11.1093756
          ],
          [
            77.3664636,
            11.1101514
          ],
          [
            77.3668955,
            11.1106413
          ],
          [
            77.3672289,
            11.1110987
          ],
          [
            77.3674426,
            11.1111651
          ],
          [
            77.3684598,
            11.1111989
          ],
          [
            77.369178,
            11.1110361
          ],
          [
            77.3699418,
            11.1110525
          ],
          [
            77.3701839,
            11.111173
          ],
          [
            77.3712137,
            11.1112505
          ],
          [
            77.3714391,
            11.1114151
          ],
          [
            77.371769,
            11.1118047
          ],
          [
            77.3723051,
            11.112275
          ],
          [
            77.3726595,
            11.112639
          ],
          [
            77.3728848,
            11.1128258
          ],
          [
            77.3731753,
            11.1128676
          ],
          [
            77.3736466,
            11.1127443
          ],
          [
            77.3740275,
            11.1126732
          ],
          [
            77.3741964,
            11.1127021
          ],
          [
            77.3744858,
            11.1128019
          ],
          [
            77.3748615,
            11.1132848
          ],
          [
            77.37616,
            11.114468
          ],
          [
            77.3764897,
            11.1147208
          ],
          [
            77.3769097,
            11.1148108
          ],
          [
            77.3773829,
            11.114734
          ],
          [
            77.3774089,
            11.1146163
          ],
          [
            77.3774446,
            11.114455
          ],
          [
            77.3776511,
            11.1142681
          ],
          [
            77.3779927,
            11.1142135
          ],
          [
            77.378488,
            11.113926
          ],
          [
            77.3786409,
            11.1136312
          ],
          [
            77.378959,
            11.1134017
          ],
          [
            77.3792631,
            11.1132654
          ],
          [
            77.3795189,
            11.113249
          ],
          [
            77.3798425,
            11.1139339
          ],
          [
            77.3806579,
            11.114205
          ],
          [
            77.3810495,
            11.1147366
          ],
          [
            77.3814335,
            11.1149615
          ],
          [
            77.3830066,
            11.1160763
          ],
          [
            77.3835654,
            11.1165868
          ],
          [
            77.3842074,
            11.1170142
          ],
          [
            77.3860522,
            11.1178322
          ],
          [
            77.3875161,
            11.1174094
          ],
          [
            77.389058,
            11.1176828
          ],
          [
            77.3908847,
            11.118764
          ],
          [
            77.3922972,
            11.1185251
          ],
          [
            77.3940126,
            11.1191035
          ],
          [
            77.3948955,
            11.1189643
          ],
          [
            77.3953728,
            11.119254
          ],
          [
            77.3957085,
            11.1192302
          ],
          [
            77.396214,
            11.1190357
          ],
          [
            77.3987498,
            11.1197514
          ],
          [
            77.4001565,
            11.1202395
          ],
          [
            77.400629,
            11.1217485
          ],
          [
            77.4026953,
            11.1225282
          ],
          [
            77.405038,
            11.1219229
          ],
          [
            77.4070571,
            11.1228412
          ],
          [
            77.4081186,
            11.1225944
          ],
          [
            77.4093787,
            11.1228175
          ],
          [
            77.4095711,
            11.1239701
          ],
          [
            77.4099829,
            11.1251973
          ],
          [
            77.4103447,
            11.1266114
          ],
          [
            77.411819,
            11.1278997
          ],
          [
            77.4128799,
            11.1283268
          ],
          [
            77.4151696,
            11.1290462
          ],
          [
            77.419765,
            11.129143
          ],
          [
            77.4215144,
            11.1290282
          ],
          [
            77.4228779,
            11.1282795
          ],
          [
            77.4248722,
            11.1287554
          ],
          [
            77.4263066,
            11.129741
          ],
          [
            77.427656,
            11.1298813
          ],
          [
            77.4305896,
            11.1283085
          ],
          [
            77.4319102,
            11.1270217
          ],
          [
            77.4333294,
            11.1266708
          ],
          [
            77.4356317,
            11.1266068
          ],
          [
            77.4373178,
            11.126105
          ],
          [
            77.438557,
            11.1261599
          ],
          [
            77.4407741,
            11.1250224
          ],
          [
            77.4425191,
            11.1237266
          ],
          [
            77.4441827,
            11.1230924
          ],
          [
            77.4471243,
            11.1221818
          ],
          [
            77.4496858,
            11.1215513
          ],
          [
            77.4511491,
            11.1211699
          ],
          [
            77.4536322,
            11.1210298
          ],
          [
            77.4543418,
            11.1204065
          ],
          [
            77.454709,
            11.1200424
          ],
          [
            77.455096,
            11.1197918
          ],
          [
            77.4552596,
            11.1193689
          ],
          [
            77.4552237,
            11.1190714
          ],
          [
            77.4551113,
            11.1188494
          ],
          [
            77.4552596,
            11.1184488
          ],
          [
            77.4556148,
            11.1180416
          ],
          [
            77.4561467,
            11.1173457
          ],
          [
            77.4565964,
            11.1172389
          ],
          [
            77.4570912,
            11.11691
          ],
          [
            77.4574343,
            11.1169257
          ],
          [
            77.4581561,
            11.116271
          ],
          [
            77.4585397,
            11.1155357
          ],
          [
            77.4587392,
            11.1153125
          ],
          [
            77.4593277,
            11.1151932
          ],
          [
            77.4620699,
            11.1149284
          ],
          [
            77.4657494,
            11.1146633
          ],
          [
            77.4684768,
            11.115347
          ],
          [
            77.4698788,
            11.116983
          ],
          [
            77.4749564,
            11.1185818
          ],
          [
            77.4771541,
            11.118024
          ],
          [
            77.4817012,
            11.1171689
          ],
          [
            77.4846947,
            11.1179497
          ],
          [
            77.4864757,
            11.1174291
          ],
          [
            77.4866651,
            11.1166111
          ],
          [
            77.4876882,
            11.1155701
          ],
          [
            77.4885059,
            11.1152759
          ],
          [
            77.488825,
            11.1151611
          ],
          [
            77.4898046,
            11.1154872
          ],
          [
            77.490947,
            11.1158675
          ],
          [
            77.4947362,
            11.1148264
          ],
          [
            77.496,
            11.11275
          ],
          [
            77.5016271,
            11.1074739
          ],
          [
            77.5025269,
            11.1073854
          ],
          [
            77.5033823,
            11.1079586
          ],
          [
            77.5040204,
            11.1089171
          ],
          [
            77.5048149,
            11.1092211
          ],
          [
            77.5055104,
            11.1089072
          ],
          [
            77.5058442,
            11.1083203
          ],
          [
            77.5067135,
            11.1075833
          ],
          [
            77.5104841,
            11.1075886
          ],
          [
            77.5125119,
            11.1079947
          ],
          [
            77.5139183,
            11.107324
          ],
          [
            77.5158447,
            11.1071193
          ],
          [
            77.5198156,
            11.1073649
          ],
          [
            77.5222335,
            11.1069957
          ],
          [
            77.5239326,
            11.107672
          ],
          [
            77.5254626,
            11.1071875
          ],
          [
            77.5263319,
            11.1062594
          ],
          [
            77.528599,
            11.1061775
          ],
          [
            77.5300108,
            11.1056794
          ],
          [
            77.5306576,
            11.105072
          ],
          [
            77.5317772,
            11.1046285
          ],
          [
            77.5324587,
            11.1046353
          ],
          [
            77.5333281,
            11.1049833
          ],
          [
            77.5339818,
            11.105072
          ],
          [
            77.5362072,
            11.1063345
          ],
          [
            77.5387873,
            11.1086342
          ],
          [
            77.5397108,
            11.1085987
          ],
          [
            77.5411817,
            11.1086205
          ],
          [
            77.5441655,
            11.1087218
          ],
          [
            77.5455739,
            11.1088466
          ],
          [
            77.5471029,
            11.1096221
          ],
          [
            77.5481914,
            11.1100153
          ],
          [
            77.5493872,
            11.1101569
          ],
          [
            77.5497349,
            11.1100776
          ],
          [
            77.5498351,
            11.1103754
          ],
          [
            77.5499592,
            11.1104479
          ],
          [
            77.5507531,
            11.110521
          ],
          [
            77.5518859,
            11.1105611
          ],
          [
            77.5530042,
            11.1099423
          ],
          [
            77.5544645,
            11.1095209
          ],
          [
            77.5549799,
            11.1090573
          ],
          [
            77.5556241,
            11.1087623
          ],
          [
            77.5570697,
            11.1092645
          ],
          [
            77.5577599,
            11.1097544
          ],
          [
            77.5585864,
            11.1103114
          ],
          [
            77.5605365,
            11.1119426
          ],
          [
            77.5619452,
            11.1129399
          ],
          [
            77.5634839,
            11.1129346
          ],
          [
            77.5654596,
            11.112766
          ],
          [
            77.5674619,
            11.1132172
          ],
          [
            77.5685961,
            11.1144257
          ],
          [
            77.5703559,
            11.115674
          ],
          [
            77.5712578,
            11.1166011
          ],
          [
            77.5726159,
            11.1173097
          ],
          [
            77.5736258,
            11.1184089
          ],
          [
            77.5752416,
            11.1200865
          ],
          [
            77.5768413,
            11.1208155
          ],
          [
            77.5778291,
            11.1200569
          ],
          [
            77.5792314,
            11.1203303
          ],
          [
            77.5796759,
            11.1203097
          ],
          [
            77.5813185,
            11.1204591
          ],
          [
            77.5826534,
            11.1206106
          ],
          [
            77.5833151,
            11.1209876
          ],
          [
            77.5835785,
            11.1218088
          ],
          [
            77.583928,
            11.1217426
          ],
          [
            77.5863761,
            11.1218269
          ],
          [
            77.5878364,
            11.1217848
          ],
          [
            77.5892967,
            11.1207312
          ],
          [
            77.5897262,
            11.1197619
          ],
          [
            77.5903704,
            11.1190454
          ],
          [
            77.5919595,
            11.118034
          ],
          [
            77.5928368,
            11.116665
          ],
          [
            77.5933782,
            11.1153534
          ],
          [
            77.5942895,
            11.1144798
          ],
          [
            77.5945489,
            11.113496
          ],
          [
            77.5954889,
            11.1129357
          ],
          [
            77.5972274,
            11.112548
          ],
          [
            77.5990779,
            11.112336
          ],
          [
            77.6000629,
            11.1128386
          ],
          [
            77.6008739,
            11.1138082
          ],
          [
            77.6015173,
            11.1149822
          ],
          [
            77.6021007,
            11.1158126
          ],
          [
            77.6037926,
            11.1161419
          ],
          [
            77.6048976,
            11.1166242
          ],
          [
            77.6056967,
            11.116975
          ],
          [
            77.6069254,
            11.1169086
          ],
          [
            77.6076456,
            11.1174476
          ],
          [
            77.6077254,
            11.1180207
          ],
          [
            77.6079401,
            11.1186833
          ],
          [
            77.6079451,
            11.1192937
          ],
          [
            77.608089,
            11.120127
          ],
          [
            77.6095151,
            11.1208062
          ],
          [
            77.610572,
            11.1215322
          ],
          [
            77.611383,
            11.1226918
          ],
          [
            77.6126305,
            11.1242943
          ],
          [
            77.6131448,
            11.1250409
          ],
          [
            77.6142116,
            11.1254871
          ],
          [
            77.6155254,
            11.1253626
          ],
          [
            77.6167995,
            11.1263044
          ],
          [
            77.617868,
            11.1262468
          ],
          [
            77.6190436,
            11.1259702
          ],
          [
            77.619991,
            11.1262307
          ],
          [
            77.6210182,
            11.1270372
          ],
          [
            77.6227961,
            11.1271157
          ],
          [
            77.6242148,
            11.126589
          ],
          [
            77.6249449,
            11.1254512
          ],
          [
            77.6255032,
            11.1248612
          ],
          [
            77.6280373,
            11.1243555
          ],
          [
            77.6300989,
            11.1243555
          ],
          [
            77.6311726,
            11.1248612
          ],
          [
            77.6329765,
            11.1251562
          ],
          [
            77.6337925,
            11.1247769
          ],
          [
            77.6346515,
            11.1241869
          ],
          [
            77.6354246,
            11.1239762
          ],
          [
            77.6361548,
            11.1238498
          ],
          [
            77.6369708,
            11.1238076
          ],
          [
            77.6384311,
            11.1238919
          ],
          [
            77.6397625,
            11.1237655
          ],
          [
            77.6403209,
            11.1230069
          ],
          [
            77.641051,
            11.1216162
          ],
          [
            77.6422966,
            11.1194669
          ],
          [
            77.6434562,
            11.1174861
          ],
          [
            77.6452171,
            11.1161797
          ],
          [
            77.6469781,
            11.1149575
          ],
          [
            77.6490076,
            11.1152077
          ],
          [
            77.6502307,
            11.115775
          ],
          [
            77.6517748,
            11.1165049
          ],
          [
            77.6533776,
            11.1158425
          ],
          [
            77.6546661,
            11.1151682
          ],
          [
            77.655611,
            11.1143675
          ],
          [
            77.6559546,
            11.1134403
          ],
          [
            77.6559116,
            11.1125553
          ],
          [
            77.6565129,
            11.1114595
          ],
          [
            77.6562552,
            11.1107431
          ],
          [
            77.6562123,
            11.1094366
          ],
          [
            77.656427,
            11.1082565
          ],
          [
            77.6570283,
            11.1074979
          ],
          [
            77.6578014,
            11.1070343
          ],
          [
            77.6586604,
            11.1065707
          ],
          [
            77.6593046,
            11.1056857
          ],
          [
            77.6604643,
            11.1045899
          ],
          [
            77.6610656,
            11.1039156
          ],
          [
            77.6626977,
            11.1027776
          ],
          [
            77.6645445,
            11.1026512
          ],
          [
            77.6657041,
            11.1027776
          ],
          [
            77.666649,
            11.1024405
          ],
          [
            77.6681093,
            11.1010918
          ],
          [
            77.669269,
            11.1002067
          ],
          [
            77.6708151,
            11.0996588
          ],
          [
            77.6719318,
            11.099996
          ],
          [
            77.6727908,
            11.1001224
          ],
          [
            77.673521,
            11.0999538
          ],
          [
            77.6740793,
            11.0992374
          ],
          [
            77.6750242,
            11.0989845
          ],
          [
            77.6762268,
            11.0991531
          ],
          [
            77.6776441,
            11.099701
          ],
          [
            77.6785031,
            11.0997431
          ],
          [
            77.6797057,
            11.0993638
          ],
          [
            77.6802211,
            11.0986895
          ],
          [
            77.681209,
            11.0981837
          ],
          [
            77.6824545,
            11.0983944
          ],
          [
            77.6838718,
            11.0983944
          ],
          [
            77.6850315,
            11.0983944
          ],
          [
            77.6858046,
            11.0986473
          ],
          [
            77.6873508,
            11.0972565
          ],
          [
            77.6884506,
            11.0967777
          ],
          [
            77.6894169,
            11.0973572
          ],
          [
            77.6904907,
            11.0970411
          ],
          [
            77.6911886,
            11.0964089
          ],
          [
            77.692155,
            11.0952499
          ],
          [
            77.6933898,
            11.0954079
          ],
          [
            77.6949467,
            11.0961982
          ],
          [
            77.696611,
            11.0960928
          ],
          [
            77.6976847,
            11.0955133
          ],
          [
            77.698329,
            11.0951445
          ],
          [
            77.6992953,
            11.0946704
          ],
          [
            77.7008961,
            11.0946226
          ],
          [
            77.7020987,
            11.0940494
          ],
          [
            77.7031982,
            11.093139
          ],
          [
            77.7040916,
            11.0923972
          ],
          [
            77.7045382,
            11.0917229
          ],
          [
            77.7056034,
            11.090745
          ],
          [
            77.707287,
            11.0906439
          ],
          [
            77.7083178,
            11.0901718
          ],
          [
            77.7089363,
            11.0893963
          ],
          [
            77.7091425,
            11.0888568
          ],
          [
            77.7094173,
            11.0877104
          ],
          [
            77.709864,
            11.0869686
          ],
          [
            77.710345,
            11.0862605
          ],
          [
            77.7108948,
            11.0858559
          ],
          [
            77.7114446,
            11.0845071
          ],
          [
            77.7116507,
            11.0831921
          ],
          [
            77.7114102,
            11.0820119
          ],
          [
            77.7114102,
            11.0806969
          ],
          [
            77.7117194,
            11.079719
          ],
          [
            77.7125441,
            11.0785726
          ],
          [
            77.7136779,
            11.0778645
          ],
          [
            77.7153616,
            11.0781342
          ],
          [
            77.7166329,
            11.0777633
          ],
          [
            77.7176637,
            11.0772238
          ],
          [
            77.7188319,
            11.0772575
          ],
          [
            77.7197253,
            11.0772912
          ],
          [
            77.7255664,
            11.077325
          ],
          [
            77.7263223,
            11.0772912
          ],
          [
            77.7280403,
            11.0766843
          ],
          [
            77.729346,
            11.0763134
          ],
          [
            77.7300332,
            11.0766168
          ],
          [
            77.7307547,
            11.0770215
          ],
          [
            77.7316824,
            11.0774936
          ],
          [
            77.7321291,
            11.0785726
          ],
          [
            77.7318199,
            11.079483
          ],
          [
            77.731545,
            11.0805957
          ],
          [
            77.7318542,
            11.0812364
          ],
          [
            77.7319917,
            11.0818096
          ],
          [
            77.7327476,
            11.0824166
          ],
          [
            77.7339845,
            11.0826189
          ],
          [
            77.7345687,
            11.0835293
          ],
          [
            77.7353933,
            11.0843723
          ],
          [
            77.7362523,
            11.0853501
          ],
          [
            77.7373518,
            11.0856873
          ],
          [
            77.7384857,
            11.0858222
          ],
          [
            77.7395508,
            11.0851141
          ],
          [
            77.7403067,
            11.0844734
          ],
          [
            77.740616,
            11.0836304
          ],
          [
            77.7422652,
            11.0819445
          ],
          [
            77.743296,
            11.081405
          ],
          [
            77.7441207,
            11.0808992
          ],
          [
            77.7448079,
            11.0805957
          ],
          [
            77.7454951,
            11.0796853
          ],
          [
            77.7457699,
            11.0789435
          ],
          [
            77.7466976,
            11.0779319
          ],
          [
            77.7481751,
            11.077797
          ],
          [
            77.7504085,
            11.0771901
          ],
          [
            77.7510613,
            11.0768529
          ],
          [
            77.7520234,
            11.0757401
          ],
          [
            77.7526457,
            11.0738977
          ],
          [
            77.753247,
            11.0726754
          ],
          [
            77.7542349,
            11.0709472
          ],
          [
            77.7549758,
            11.070372
          ],
          [
            77.7569836,
            11.068924
          ],
          [
            77.7580574,
            11.0686289
          ],
          [
            77.7590452,
            11.0679967
          ],
          [
            77.7603767,
            11.0674909
          ],
          [
            77.7614504,
            11.0668586
          ],
          [
            77.7629966,
            11.0659734
          ],
          [
            77.7639415,
            11.0655098
          ],
          [
            77.7644998,
            11.0646668
          ],
          [
            77.7655306,
            11.0632758
          ],
          [
            77.7664326,
            11.0618005
          ],
          [
            77.7678929,
            11.0612946
          ],
          [
            77.7689666,
            11.0605781
          ],
          [
            77.7692672,
            11.0602408
          ],
          [
            77.7701262,
            11.060283
          ],
          [
            77.7715006,
            11.0595664
          ],
          [
            77.7724026,
            11.0586812
          ],
          [
            77.7741635,
            11.0578803
          ],
          [
            77.7751943,
            11.0574588
          ],
          [
            77.7758385,
            11.0571216
          ],
          [
            77.7765687,
            11.0572059
          ],
          [
            77.7773418,
            11.0576696
          ],
          [
            77.7778572,
            11.0583018
          ],
          [
            77.7777283,
            11.0590184
          ],
          [
            77.7785873,
            11.0600722
          ],
          [
            77.7791886,
            11.0612103
          ],
          [
            77.7799617,
            11.0620955
          ],
          [
            77.7812932,
            11.0624327
          ],
          [
            77.7824098,
            11.062517
          ],
          [
            77.7844714,
            11.0626013
          ],
          [
            77.7859747,
            11.0630229
          ],
          [
            77.7877786,
            11.0636551
          ],
          [
            77.7893677,
            11.0642031
          ],
          [
            77.7904844,
            11.0651304
          ],
          [
            77.7914722,
            11.0660999
          ],
          [
            77.7924171,
            11.06669
          ],
          [
            77.7933191,
            11.0669429
          ],
          [
            77.7943499,
            11.0669008
          ],
          [
            77.7953377,
            11.0668586
          ],
          [
            77.7960678,
            11.0660577
          ],
          [
            77.7967121,
            11.0657627
          ],
          [
            77.7980435,
            11.0649618
          ],
          [
            77.7992461,
            11.0648775
          ],
          [
            77.8001051,
            11.0646668
          ],
          [
            77.8008353,
            11.0641609
          ],
          [
            77.8015224,
            11.0636973
          ],
          [
            77.8026821,
            11.0629385
          ],
          [
            77.8037558,
            11.062517
          ],
          [
            77.8047866,
            11.0624749
          ],
          [
            77.8065962,
            11.0629839
          ],
          [
            77.8083231,
            11.0643289
          ],
          [
            77.8081671,
            11.0670953
          ],
          [
            77.808585,
            11.0686918
          ],
          [
            77.8095959,
            11.069822
          ],
          [
            77.8129604,
            11.0709002
          ],
          [
            77.817252,
            11.070024
          ],
          [
            77.8224018,
            11.0678339
          ],
          [
            77.8225735,
            11.0666546
          ],
          [
            77.8246334,
            11.0658123
          ],
          [
            77.8261784,
            11.0648014
          ],
          [
            77.82841,
            11.0622744
          ],
          [
            77.8297832,
            11.058568
          ],
          [
            77.8294399,
            11.054693
          ],
          [
            77.8287533,
            11.0525029
          ],
          [
            77.8295941,
            11.0478255
          ],
          [
            77.8305034,
            11.0471119
          ],
          [
            77.8353171,
            11.045435
          ],
          [
            77.8377716,
            11.0442777
          ],
          [
            77.839638,
            11.0437092
          ],
          [
            77.8406411,
            11.0437172
          ],
          [
            77.8412623,
            11.0440079
          ],
          [
            77.8416493,
            11.0449385
          ],
          [
            77.8423602,
            11.0463601
          ],
          [
            77.8440727,
            11.0474425
          ],
          [
            77.8461981,
            11.0475141
          ],
          [
            77.8505392,
            11.0456206
          ],
          [
            77.8513275,
            11.0444907
          ],
          [
            77.8512699,
            11.043018
          ],
          [
            77.8517045,
            11.0408567
          ],
          [
            77.8514101,
            11.039422
          ],
          [
            77.8513149,
            11.0375636
          ],
          [
            77.8515147,
            11.0366217
          ],
          [
            77.8523481,
            11.0345258
          ],
          [
            77.8533926,
            11.0322723
          ],
          [
            77.8543431,
            11.0307464
          ],
          [
            77.8557923,
            11.0301412
          ],
          [
            77.8570955,
            11.0300095
          ],
          [
            77.8605436,
            11.0302547
          ],
          [
            77.8620416,
            11.0297735
          ],
          [
            77.8633972,
            11.0286948
          ],
          [
            77.8639468,
            11.0274961
          ],
          [
            77.864984,
            11.0254345
          ],
          [
            77.8669079,
            11.0234365
          ],
          [
            77.8684886,
            11.0227144
          ],
          [
            77.8714672,
            11.0227662
          ],
          [
            77.8731422,
            11.0233441
          ],
          [
            77.875288,
            11.0237443
          ],
          [
            77.8768477,
            11.0236445
          ],
          [
            77.8789476,
            11.0242387
          ],
          [
            77.8810313,
            11.0241344
          ],
          [
            77.8827349,
            11.024413
          ],
          [
            77.8845209,
            11.0276459
          ],
          [
            77.8859908,
            11.0298979
          ],
          [
            77.8870889,
            11.0312948
          ],
          [
            77.8884702,
            11.0322441
          ],
          [
            77.8933949,
            11.0331346
          ],
          [
            77.8961578,
            11.0330617
          ],
          [
            77.8990026,
            11.0337317
          ],
          [
            77.9005558,
            11.0341785
          ],
          [
            77.9011741,
            11.0348427
          ],
          [
            77.9023803,
            11.0362775
          ],
          [
            77.9029653,
            11.0371449
          ],
          [
            77.9036876,
            11.038929
          ],
          [
            77.9040325,
            11.0409724
          ],
          [
            77.9042184,
            11.0420457
          ],
          [
            77.9046285,
            11.0430711
          ],
          [
            77.9069695,
            11.0450884
          ],
          [
            77.9080883,
            11.0457486
          ],
          [
            77.9095488,
            11.0462125
          ],
          [
            77.911448,
            11.0454001
          ],
          [
            77.913244,
            11.0454709
          ],
          [
            77.9146994,
            11.0453427
          ],
          [
            77.9155765,
            11.0451513
          ],
          [
            77.9173985,
            11.0450929
          ],
          [
            77.9194289,
            11.0468569
          ],
          [
            77.920446,
            11.0479299
          ],
          [
            77.9214757,
            11.0491493
          ],
          [
            77.9224008,
            11.0509362
          ],
          [
            77.92276,
            11.0515327
          ],
          [
            77.9231121,
            11.0525652
          ],
          [
            77.9231813,
            11.0533152
          ],
          [
            77.9236472,
            11.0546748
          ],
          [
            77.9239785,
            11.0554572
          ],
          [
            77.925053,
            11.056834
          ],
          [
            77.9261506,
            11.0579809
          ],
          [
            77.9270277,
            11.0589126
          ],
          [
            77.9277529,
            11.0597396
          ],
          [
            77.928198,
            11.0601709
          ],
          [
            77.9288256,
            11.0608817
          ],
          [
            77.9290375,
            11.0611897
          ],
          [
            77.9291743,
            11.0614634
          ],
          [
            77.9292172,
            11.0618135
          ],
          [
            77.9292226,
            11.0620241
          ],
          [
            77.9292342,
            11.0620838
          ],
          [
            77.9292709,
            11.0622716
          ],
          [
            77.9296008,
            11.0627507
          ],
          [
            77.9300112,
            11.0631561
          ],
          [
            77.9301828,
            11.0633693
          ],
          [
            77.9303974,
            11.0637431
          ],
          [
            77.9305851,
            11.0643196
          ],
          [
            77.9305878,
            11.0646881
          ],
          [
            77.9306012,
            11.0650671
          ],
          [
            77.9307327,
            11.065462
          ],
          [
            77.9310921,
            11.0665097
          ],
          [
            77.9313469,
            11.0671704
          ],
          [
            77.9316151,
            11.0678232
          ],
          [
            77.9330099,
            11.0702976
          ]
        ]
      }
    },
    {
      "type": "Feature",
      "properties": {
        "id": 175427844,
        "name": "Chinnakarai Nadhi",
        "waterway": "river",
        "source": "OpenStreetMap",
        "location": "Tiruppur, Tamil Nadu"
      },
      "geometry": {
        "type": "LineString",
        "coordinates": [
          [
            77.2742044,
            10.9902364
          ],
          [
            77.2745583,
            10.9903821
          ],
          [
            77.274801,
            10.9906494
          ],
          [
            77.2755037,
            10.9898783
          ],
          [
            77.2759277,
            10.9896623
          ],
          [
            77.2769467,
            10.9903552
          ],
          [
            77.2780999,
            10.9909066
          ],
          [
            77.2792133,
            10.9909798
          ],
          [
            77.2799639,
            10.9907943
          ],
          [
            77.2808882,
            10.9910082
          ],
          [
            77.2811472,
            10.9911673
          ],
          [
            77.2812068,
            10.9912038
          ],
          [
            77.2815667,
            10.9916207
          ],
          [
            77.2825915,
            10.9918889
          ],
          [
            77.2837411,
            10.9912483
          ],
          [
            77.2840223,
            10.9912677
          ],
          [
            77.2843216,
            10.99146
          ],
          [
            77.2852471,
            10.9920621
          ],
          [
            77.2854949,
            10.9926671
          ],
          [
            77.2855538,
            10.9931615
          ],
          [
            77.2855784,
            10.9936612
          ],
          [
            77.2857306,
            10.9937409
          ],
          [
            77.2859537,
            10.9938614
          ],
          [
            77.2872193,
            10.9941138
          ],
          [
            77.2884191,
            10.994382
          ],
          [
            77.2885022,
            10.9943936
          ],
          [
            77.2892446,
            10.9946422
          ],
          [
            77.2899957,
            10.9949329
          ],
          [
            77.2902818,
            10.9952304
          ],
          [
            77.2907354,
            10.9957122
          ],
          [
            77.2910748,
            10.9961465
          ],
          [
            77.29137,
            10.9965242
          ],
          [
            77.2915803,
            10.9974763
          ],
          [
            77.290413,
            10.9987654
          ],
          [
            77.2901994,
            10.9993129
          ],
          [
            77.2902371,
            10.9998902
          ],
          [
            77.2904881,
            11.0016606
          ],
          [
            77.2907724,
            11.0024757
          ],
          [
            77.2912102,
            11.0030823
          ],
          [
            77.2912243,
            11.003332
          ],
          [
            77.2908351,
            11.0035396
          ],
          [
            77.2897157,
            11.0049043
          ],
          [
            77.2895293,
            11.0066889
          ],
          [
            77.2894311,
            11.0069155
          ],
          [
            77.2896554,
            11.0073716
          ],
          [
            77.2897356,
            11.0078685
          ],
          [
            77.2898145,
            11.008425
          ],
          [
            77.2897997,
            11.0089742
          ],
          [
            77.2897085,
            11.0098737
          ],
          [
            77.2897085,
            11.0105898
          ],
          [
            77.290443,
            11.0112286
          ],
          [
            77.2905909,
            11.0117463
          ],
          [
            77.2903839,
            11.0122012
          ],
          [
            77.2904775,
            11.0135174
          ],
          [
            77.2915351,
            11.0156021
          ],
          [
            77.2925655,
            11.0166552
          ],
          [
            77.2932622,
            11.0183448
          ],
          [
            77.2936188,
            11.020879
          ],
          [
            77.2939274,
            11.0217099
          ],
          [
            77.2939301,
            11.0218067
          ],
          [
            77.2940614,
            11.023188
          ],
          [
            77.293877,
            11.0252475
          ],
          [
            77.2944466,
            11.0258791
          ],
          [
            77.2957539,
            11.0269853
          ],
          [
            77.2959872,
            11.0277109
          ],
          [
            77.2961966,
            11.0279129
          ],
          [
            77.296221,
            11.0280462
          ],
          [
            77.2960482,
            11.0282375
          ],
          [
            77.2964227,
            11.0289658
          ],
          [
            77.2973705,
            11.030479
          ],
          [
            77.2985786,
            11.0319523
          ],
          [
            77.2995996,
            11.0322517
          ],
          [
            77.3000999,
            11.0324593
          ],
          [
            77.3009815,
            11.0337728
          ],
          [
            77.3015893,
            11.034524
          ],
          [
            77.3025681,
            11.0358038
          ],
          [
            77.3032045,
            11.0363958
          ],
          [
            77.3035355,
            11.0369403
          ],
          [
            77.3038412,
            11.0371758
          ],
          [
            77.3047235,
            11.0379523
          ],
          [
            77.3055096,
            11.0395056
          ],
          [
            77.3056684,
            11.040363
          ],
          [
            77.305709,
            11.0408367
          ],
          [
            77.3056886,
            11.0410011
          ],
          [
            77.3055621,
            11.0411465
          ],
          [
            77.3044063,
            11.0417937
          ],
          [
            77.3043149,
            11.0419308
          ],
          [
            77.3042757,
            11.0425598
          ],
          [
            77.304257,
            11.0429621
          ],
          [
            77.304417,
            11.0437057
          ],
          [
            77.3049019,
            11.0443031
          ],
          [
            77.3064346,
            11.0458689
          ],
          [
            77.3070045,
            11.047056
          ],
          [
            77.3076187,
            11.048606
          ],
          [
            77.3077973,
            11.0492933
          ],
          [
            77.3079055,
            11.049479
          ],
          [
            77.3079447,
            11.0495461
          ],
          [
            77.3080203,
            11.0496759
          ],
          [
            77.3088777,
            11.0500561
          ],
          [
            77.3100533,
            11.0505926
          ],
          [
            77.3111348,
            11.0510142
          ],
          [
            77.311455,
            11.0521801
          ],
          [
            77.3115442,
            11.0525574
          ],
          [
            77.3117132,
            11.0532801
          ],
          [
            77.3117649,
            11.0539999
          ],
          [
            77.3117236,
            11.0546539
          ],
          [
            77.311832,
            11.0551861
          ],
          [
            77.3122711,
            11.0557235
          ],
          [
            77.3126809,
            11.0563098
          ],
          [
            77.3134808,
            11.0573421
          ],
          [
            77.3144377,
            11.0576611
          ],
          [
            77.3151389,
            11.0579802
          ],
          [
            77.3154603,
            11.0582956
          ],
          [
            77.315653,
            11.0594703
          ],
          [
            77.3155918,
            11.0607437
          ],
          [
            77.3158839,
            11.0623602
          ],
          [
            77.3159131,
            11.0637223
          ],
          [
            77.3161651,
            11.0645359
          ],
          [
            77.3160045,
            11.0663281
          ],
          [
            77.3158949,
            11.0677905
          ],
          [
            77.3157159,
            11.0686292
          ],
          [
            77.3158182,
            11.0692134
          ],
          [
            77.3169285,
            11.070346
          ],
          [
            77.3175493,
            11.0707654
          ],
          [
            77.3177173,
            11.0710629
          ],
          [
            77.3178269,
            11.0717475
          ],
          [
            77.3190066,
            11.0725503
          ],
          [
            77.3199937,
            11.0732885
          ],
          [
            77.3214463,
            11.0736359
          ],
          [
            77.3224214,
            11.0735647
          ],
          [
            77.3230751,
            11.0735898
          ],
          [
            77.3235316,
            11.0738693
          ],
          [
            77.3240831,
            11.0745754
          ],
          [
            77.3244629,
            11.0752708
          ],
          [
            77.3247734,
            11.0757331
          ],
          [
            77.3253504,
            11.076174
          ],
          [
            77.3258983,
            11.076475
          ],
          [
            77.3286118,
            11.0797438
          ],
          [
            77.3291816,
            11.0801022
          ],
          [
            77.3299486,
            11.0802814
          ],
          [
            77.3307411,
            11.0803746
          ],
          [
            77.3313766,
            11.0807581
          ],
          [
            77.3318477,
            11.0807545
          ],
          [
            77.3321983,
            11.0804642
          ],
          [
            77.3324357,
            11.080242
          ],
          [
            77.3329129,
            11.0800699
          ],
          [
            77.3340833,
            11.0802448
          ],
          [
            77.3351675,
            11.0805072
          ],
          [
            77.3359984,
            11.080924
          ],
          [
            77.3368759,
            11.0811246
          ],
          [
            77.3378921,
            11.081862
          ],
          [
            77.3374474,
            11.0822373
          ],
          [
            77.3372536,
            11.0825797
          ],
          [
            77.3369392,
            11.0831762
          ],
          [
            77.3368541,
            11.0839378
          ],
          [
            77.3368575,
            11.0840265
          ],
          [
            77.3368514,
            11.0841036
          ],
          [
            77.3369721,
            11.0841958
          ],
          [
            77.3370257,
            11.0844643
          ],
          [
            77.3372698,
            11.0846169
          ],
          [
            77.3374549,
            11.0845669
          ],
          [
            77.3378739,
            11.0847676
          ],
          [
            77.3385975,
            11.0850802
          ],
          [
            77.3392439,
            11.0852539
          ],
          [
            77.3405177,
            11.0858315
          ],
          [
            77.3407835,
            11.0861173
          ],
          [
            77.3409605,
            11.0862199
          ],
          [
            77.3409149,
            11.0863384
          ],
          [
            77.3409954,
            11.086441
          ],
          [
            77.3413843,
            11.0867621
          ],
          [
            77.3416165,
            11.0871864
          ],
          [
            77.3418537,
            11.0875307
          ],
          [
            77.3422426,
            11.0879255
          ],
          [
            77.3429641,
            11.0885967
          ],
          [
            77.3434094,
            11.0888257
          ],
          [
            77.3438093,
            11.0890989
          ],
          [
            77.3442945,
            11.0893916
          ],
          [
            77.3445976,
            11.0896706
          ],
          [
            77.344867,
            11.0900403
          ],
          [
            77.3450428,
            11.0906972
          ],
          [
            77.3449551,
            11.0913084
          ],
          [
            77.3448095,
            11.0915868
          ],
          [
            77.3445118,
            11.0918895
          ],
          [
            77.3439798,
            11.0925354
          ],
          [
            77.3437044,
            11.0930424
          ],
          [
            77.343672,
            11.0933275
          ],
          [
            77.3437098,
            11.0936688
          ],
          [
            77.3437902,
            11.0939636
          ],
          [
            77.3438329,
            11.0940464
          ],
          [
            77.3441426,
            11.0946465
          ],
          [
            77.3447344,
            11.0955192
          ],
          [
            77.345531,
            11.096393
          ],
          [
            77.3458877,
            11.0969931
          ],
          [
            77.345872,
            11.0972733
          ],
          [
            77.3459387,
            11.0974643
          ],
          [
            77.3459306,
            11.0977959
          ],
          [
            77.3458153,
            11.0983039
          ],
          [
            77.3456613,
            11.0984604
          ],
          [
            77.3454183,
            11.0988724
          ],
          [
            77.3453486,
            11.0990645
          ],
          [
            77.3454259,
            11.0992023
          ],
          [
            77.345421,
            11.0994857
          ],
          [
            77.345539,
            11.0997594
          ],
          [
            77.3455627,
            11.1004833
          ],
          [
            77.3454874,
            11.1010057
          ],
          [
            77.3455987,
            11.1012281
          ],
          [
            77.3455746,
            11.1017005
          ],
          [
            77.3457723,
            11.10284
          ]
        ]
      }
    },
    {
      "type": "Feature",
      "properties": {
        "id": 175427846,
        "name": "Noyyal River",
        "waterway": "river",
        "source": "OpenStreetMap",
        "location": "Tiruppur, Tamil Nadu"
      },
      "geometry": {
        "type": "LineString",
        "coordinates": [
          [
            77.3231741,
            10.9923586
          ],
          [
            77.3235629,
            10.9931055
          ],
          [
            77.323623,
            10.9940323
          ],
          [
            77.3244899,
            10.9952161
          ],
          [
            77.3249062,
            10.9953425
          ],
          [
            77.3255027,
            10.9952667
          ],
          [
            77.3257345,
            10.9950181
          ],
          [
            77.3271078,
            10.9946937
          ],
          [
            77.3275498,
            10.9947232
          ],
          [
            77.3279446,
            10.9952835
          ],
          [
            77.3278029,
            10.9957161
          ],
          [
            77.327611,
            10.9962876
          ],
          [
            77.3275622,
            10.9972932
          ],
          [
            77.3278224,
            10.9979318
          ],
          [
            77.3284215,
            10.9985761
          ],
          [
            77.3285737,
            10.9995824
          ],
          [
            77.3288436,
            11.0005561
          ],
          [
            77.3292457,
            11.0008289
          ],
          [
            77.3293397,
            11.0019474
          ],
          [
            77.329577,
            11.003511
          ],
          [
            77.3293416,
            11.0042628
          ],
          [
            77.3287663,
            11.0047909
          ],
          [
            77.3284562,
            11.0052127
          ],
          [
            77.3281125,
            11.005286
          ],
          [
            77.3279392,
            11.0056056
          ],
          [
            77.3278117,
            11.0057613
          ],
          [
            77.3277058,
            11.0058699
          ],
          [
            77.3275312,
            11.0059479
          ],
          [
            77.3271489,
            11.006353
          ],
          [
            77.3268127,
            11.0071121
          ],
          [
            77.3262478,
            11.0082954
          ],
          [
            77.3262185,
            11.0083267
          ],
          [
            77.3261739,
            11.0083742
          ],
          [
            77.326065,
            11.0083989
          ],
          [
            77.3257625,
            11.0086096
          ],
          [
            77.3245364,
            11.008964
          ],
          [
            77.3243148,
            11.0094682
          ],
          [
            77.3241029,
            11.0110651
          ],
          [
            77.323707,
            11.0121826
          ],
          [
            77.3229834,
            11.0123664
          ],
          [
            77.3224603,
            11.0124822
          ],
          [
            77.3214314,
            11.0133343
          ],
          [
            77.3213751,
            11.013595
          ],
          [
            77.3198281,
            11.0153724
          ],
          [
            77.3195959,
            11.0162531
          ],
          [
            77.3194851,
            11.0180421
          ],
          [
            77.31946,
            11.0181708
          ],
          [
            77.3188584,
            11.0187706
          ],
          [
            77.3187634,
            11.0208897
          ],
          [
            77.3187199,
            11.0211052
          ],
          [
            77.3185342,
            11.0215714
          ],
          [
            77.318507,
            11.0216397
          ],
          [
            77.3174847,
            11.0231192
          ],
          [
            77.3169361,
            11.0239028
          ],
          [
            77.3154743,
            11.0258892
          ],
          [
            77.3151302,
            11.0266852
          ],
          [
            77.3149459,
            11.0270917
          ],
          [
            77.3148632,
            11.0282026
          ],
          [
            77.3150727,
            11.0289816
          ],
          [
            77.3163338,
            11.0296265
          ],
          [
            77.3172713,
            11.0305348
          ],
          [
            77.3175499,
            11.0313815
          ],
          [
            77.3175671,
            11.0321412
          ],
          [
            77.3176377,
            11.0326929
          ],
          [
            77.3176626,
            11.0327689
          ],
          [
            77.3177727,
            11.0331043
          ],
          [
            77.3178702,
            11.0337811
          ],
          [
            77.3183581,
            11.0341961
          ],
          [
            77.3197469,
            11.0351059
          ],
          [
            77.3201859,
            11.0352591
          ],
          [
            77.3207605,
            11.0353484
          ],
          [
            77.3208429,
            11.0353613
          ],
          [
            77.3213498,
            11.0357678
          ],
          [
            77.3226679,
            11.0364296
          ],
          [
            77.3229973,
            11.0367311
          ],
          [
            77.3231249,
            11.0370292
          ],
          [
            77.3233623,
            11.03745
          ],
          [
            77.323569,
            11.0379885
          ],
          [
            77.3237833,
            11.0383942
          ],
          [
            77.3240232,
            11.0389903
          ],
          [
            77.3244519,
            11.039609
          ],
          [
            77.3248015,
            11.0399346
          ],
          [
            77.3250542,
            11.0403379
          ],
          [
            77.3254854,
            11.0411519
          ],
          [
            77.3256411,
            11.041515
          ],
          [
            77.3257861,
            11.0417127
          ],
          [
            77.3258265,
            11.0417677
          ],
          [
            77.325843,
            11.0420292
          ],
          [
            77.3258755,
            11.0421845
          ],
          [
            77.3259141,
            11.0423691
          ],
          [
            77.3260673,
            11.0428951
          ],
          [
            77.3263863,
            11.0432943
          ],
          [
            77.3268098,
            11.0440197
          ],
          [
            77.3268175,
            11.0443803
          ],
          [
            77.3268022,
            11.0448562
          ],
          [
            77.3266414,
            11.0451492
          ],
          [
            77.3265543,
            11.0453527
          ],
          [
            77.3264934,
            11.0454949
          ],
          [
            77.3262076,
            11.045808
          ],
          [
            77.3259677,
            11.0462939
          ],
          [
            77.325807,
            11.0469175
          ],
          [
            77.3257355,
            11.0475211
          ],
          [
            77.3257279,
            11.0480796
          ],
          [
            77.3268323,
            11.050779
          ],
          [
            77.326909,
            11.0517106
          ],
          [
            77.3276372,
            11.0532772
          ],
          [
            77.3277514,
            11.0538794
          ],
          [
            77.3276484,
            11.0546019
          ],
          [
            77.326276,
            11.056991
          ],
          [
            77.3250877,
            11.0575493
          ],
          [
            77.3247654,
            11.0584017
          ],
          [
            77.3245044,
            11.061092
          ],
          [
            77.3236559,
            11.0635688
          ],
          [
            77.3236376,
            11.0641717
          ],
          [
            77.3235788,
            11.066105
          ],
          [
            77.3237235,
            11.0665749
          ],
          [
            77.3242147,
            11.0674116
          ],
          [
            77.3251964,
            11.0683201
          ],
          [
            77.3263948,
            11.0696097
          ],
          [
            77.3269487,
            11.0706213
          ],
          [
            77.3281986,
            11.0711373
          ],
          [
            77.3285757,
            11.0716129
          ],
          [
            77.3289818,
            11.0721902
          ],
          [
            77.330178,
            11.0733694
          ],
          [
            77.3306817,
            11.0743625
          ]
        ]
      }
    },
    {
      "type": "Feature",
      "properties": {
        "id": 197572955,
        "name": "Nallaru",
        "waterway": "river",
        "source": "OpenStreetMap",
        "location": "Tiruppur, Tamil Nadu"
      },
      "geometry": {
        "type": "LineString",
        "coordinates": [
          [
            77.1732971,
            11.2237451
          ],
          [
            77.1753552,
            11.2225407
          ],
          [
            77.1763516,
            11.2218152
          ],
          [
            77.178304,
            11.2216967
          ],
          [
            77.1827774,
            11.2203344
          ],
          [
            77.1844481,
            11.219599
          ],
          [
            77.1852733,
            11.219441
          ],
          [
            77.1866219,
            11.2188191
          ],
          [
            77.1875025,
            11.2181429
          ],
          [
            77.1880409,
            11.2173976
          ],
          [
            77.1883932,
            11.2170274
          ],
          [
            77.1892788,
            11.2166572
          ],
          [
            77.1898726,
            11.2165585
          ],
          [
            77.1907733,
            11.2165141
          ],
          [
            77.1919156,
            11.2164795
          ],
          [
            77.1929119,
            11.2164598
          ],
          [
            77.1944618,
            11.2164844
          ],
          [
            77.1957701,
            11.2165387
          ],
          [
            77.1966255,
            11.2165387
          ],
          [
            77.1974206,
            11.21644
          ],
          [
            77.1980244,
            11.2161686
          ],
          [
            77.1986383,
            11.2160748
          ],
          [
            77.1987861,
            11.2160443
          ],
          [
            77.2014336,
            11.2154974
          ],
          [
            77.2070766,
            11.2134436
          ],
          [
            77.2148594,
            11.2106842
          ],
          [
            77.2192565,
            11.2091253
          ],
          [
            77.2193092,
            11.2091066
          ],
          [
            77.2217048,
            11.2082572
          ],
          [
            77.2225133,
            11.2080977
          ],
          [
            77.2239884,
            11.2078067
          ],
          [
            77.2337963,
            11.2058717
          ],
          [
            77.2374785,
            11.2051453
          ],
          [
            77.2413149,
            11.2039241
          ],
          [
            77.2428119,
            11.2034476
          ],
          [
            77.2439494,
            11.2030855
          ],
          [
            77.2467709,
            11.2021873
          ],
          [
            77.2483421,
            11.2016871
          ],
          [
            77.2507848,
            11.2009096
          ],
          [
            77.2529228,
            11.1985943
          ],
          [
            77.2558954,
            11.1953752
          ],
          [
            77.2576822,
            11.1949959
          ],
          [
            77.2595025,
            11.1917877
          ],
          [
            77.2607408,
            11.1914241
          ],
          [
            77.2634221,
            11.1904112
          ],
          [
            77.2646071,
            11.1906244
          ],
          [
            77.26805,
            11.1889026
          ],
          [
            77.2691305,
            11.1885618
          ],
          [
            77.2699624,
            11.187672
          ],
          [
            77.2712355,
            11.1872804
          ],
          [
            77.2715275,
            11.1864717
          ],
          [
            77.2719579,
            11.1863802
          ],
          [
            77.2744213,
            11.1858768
          ],
          [
            77.2749271,
            11.1856264
          ],
          [
            77.2751104,
            11.1852086
          ],
          [
            77.2750005,
            11.1843981
          ],
          [
            77.2751782,
            11.1837106
          ],
          [
            77.2758364,
            11.183124
          ],
          [
            77.2760971,
            11.1829184
          ],
          [
            77.2769694,
            11.1823621
          ],
          [
            77.2782611,
            11.1822131
          ],
          [
            77.2789281,
            11.1824257
          ],
          [
            77.2794374,
            11.1823008
          ],
          [
            77.2798551,
            11.1826679
          ],
          [
            77.2807808,
            11.1825253
          ],
          [
            77.2812871,
            11.1824432
          ],
          [
            77.2819738,
            11.1821169
          ],
          [
            77.2822672,
            11.1814533
          ],
          [
            77.2825569,
            11.1805271
          ],
          [
            77.283111,
            11.1801171
          ],
          [
            77.2847633,
            11.1793172
          ],
          [
            77.2858898,
            11.179054
          ],
          [
            77.2860244,
            11.1789194
          ],
          [
            77.2864262,
            11.1785173
          ],
          [
            77.2869021,
            11.1776747
          ],
          [
            77.2874814,
            11.1770327
          ],
          [
            77.2885436,
            11.1766643
          ],
          [
            77.2895161,
            11.1760964
          ],
          [
            77.2915439,
            11.1747702
          ],
          [
            77.2929386,
            11.1745913
          ],
          [
            77.2939938,
            11.1746223
          ],
          [
            77.294777,
            11.1740224
          ],
          [
            77.2951166,
            11.1732756
          ],
          [
            77.2952384,
            11.1719489
          ],
          [
            77.2949986,
            11.1713916
          ],
          [
            77.2950629,
            11.1702548
          ],
          [
            77.2952701,
            11.1698292
          ],
          [
            77.2955602,
            11.1692333
          ],
          [
            77.2960285,
            11.1682654
          ],
          [
            77.2963182,
            11.166834
          ],
          [
            77.2966765,
            11.1653691
          ],
          [
            77.2967688,
            11.1649919
          ],
          [
            77.2976057,
            11.1643815
          ],
          [
            77.2991758,
            11.1636862
          ],
          [
            77.3010282,
            11.1637394
          ],
          [
            77.3015861,
            11.1637815
          ],
          [
            77.3031348,
            11.1631599
          ],
          [
            77.3046974,
            11.1625289
          ],
          [
            77.3065857,
            11.1614342
          ],
          [
            77.3070471,
            11.1604974
          ],
          [
            77.3073797,
            11.1603185
          ],
          [
            77.3085207,
            11.1601811
          ],
          [
            77.3099331,
            11.1599816
          ],
          [
            77.3112136,
            11.1594022
          ],
          [
            77.3123616,
            11.1588022
          ],
          [
            77.312825,
            11.1580572
          ],
          [
            77.3128658,
            11.1579917
          ],
          [
            77.3132805,
            11.1577712
          ],
          [
            77.314797,
            11.1573496
          ],
          [
            77.3162132,
            11.1566444
          ],
          [
            77.3172931,
            11.1561923
          ],
          [
            77.3188702,
            11.1554554
          ],
          [
            77.3198503,
            11.154297
          ],
          [
            77.3211163,
            11.1532234
          ],
          [
            77.3215841,
            11.1523923
          ],
          [
            77.3218673,
            11.1519392
          ],
          [
            77.3223901,
            11.1515731
          ],
          [
            77.3227535,
            11.1513186
          ],
          [
            77.3232943,
            11.150855
          ],
          [
            77.323805,
            11.1496239
          ],
          [
            77.3244101,
            11.1485076
          ],
          [
            77.325189,
            11.1479607
          ],
          [
            77.3269528,
            11.1474655
          ],
          [
            77.3279828,
            11.1470128
          ],
          [
            77.328648,
            11.146297
          ],
          [
            77.3289484,
            11.1461286
          ],
          [
            77.3299569,
            11.1457707
          ],
          [
            77.3314053,
            11.1452128
          ],
          [
            77.3323129,
            11.1448239
          ],
          [
            77.332918,
            11.1442549
          ],
          [
            77.3336691,
            11.1440444
          ],
          [
            77.334184,
            11.1440233
          ],
          [
            77.3347741,
            11.1441391
          ],
          [
            77.3357354,
            11.1446449
          ],
          [
            77.3364328,
            11.1448239
          ],
          [
            77.3371409,
            11.1447396
          ],
          [
            77.3380529,
            11.144266
          ],
          [
            77.3391515,
            11.1438023
          ],
          [
            77.3401557,
            11.1432028
          ],
          [
            77.3412715,
            11.142487
          ],
          [
            77.3426705,
            11.1421075
          ],
          [
            77.3439752,
            11.1421501
          ],
          [
            77.345106,
            11.1419706
          ],
          [
            77.3462969,
            11.1416127
          ],
          [
            77.3472689,
            11.1414238
          ],
          [
            77.3476874,
            11.1414448
          ],
          [
            77.348904,
            11.1416127
          ],
          [
            77.3509404,
            11.141496
          ],
          [
            77.3512858,
            11.1414969
          ],
          [
            77.3523115,
            11.1416764
          ],
          [
            77.3529917,
            11.141918
          ],
          [
            77.3533414,
            11.1420027
          ],
          [
            77.3538028,
            11.1419922
          ],
          [
            77.354837,
            11.141718
          ],
          [
            77.3561202,
            11.1411711
          ],
          [
            77.3570536,
            11.1410238
          ],
          [
            77.3577832,
            11.1410764
          ],
          [
            77.3584527,
            11.1410653
          ],
          [
            77.3587531,
            11.141118
          ],
          [
            77.3590428,
            11.1413075
          ],
          [
            77.3592638,
            11.1413817
          ],
          [
            77.3597187,
            11.1412864
          ],
          [
            77.3602401,
            11.141308
          ],
          [
            77.360577,
            11.1413285
          ],
          [
            77.3609632,
            11.1412338
          ],
          [
            77.3612851,
            11.1410127
          ],
          [
            77.3616284,
            11.1405706
          ],
          [
            77.3621863,
            11.1399074
          ],
          [
            77.362697,
            11.1395079
          ],
          [
            77.3632978,
            11.1390869
          ],
          [
            77.3639995,
            11.1387705
          ],
          [
            77.3655015,
            11.1382126
          ],
          [
            77.3659478,
            11.1380552
          ],
          [
            77.3663169,
            11.1378442
          ],
          [
            77.3667568,
            11.1372968
          ],
          [
            77.3672889,
            11.1369183
          ],
          [
            77.3677331,
            11.1363599
          ],
          [
            77.3682052,
            11.1355283
          ],
          [
            77.3685335,
            11.1352972
          ],
          [
            77.3689948,
            11.1349182
          ],
          [
            77.3694562,
            11.134813
          ],
          [
            77.3699282,
            11.1348235
          ],
          [
            77.3702115,
            11.1347809
          ],
          [
            77.3703896,
            11.1346551
          ],
          [
            77.370941,
            11.1343493
          ],
          [
            77.3709755,
            11.1338813
          ],
          [
            77.3709537,
            11.1337449
          ],
          [
            77.3710237,
            11.133514
          ],
          [
            77.3711696,
            11.1332769
          ],
          [
            77.3711251,
            11.1330098
          ],
          [
            77.371162,
            11.1328023
          ],
          [
            77.3712686,
            11.132547
          ],
          [
            77.3714242,
            11.1325747
          ],
          [
            77.3716411,
            11.1323864
          ],
          [
            77.3718428,
            11.1323541
          ],
          [
            77.3720035,
            11.1323832
          ],
          [
            77.3722107,
            11.1322226
          ],
          [
            77.372365,
            11.1321801
          ],
          [
            77.3725139,
            11.1322865
          ],
          [
            77.3729752,
            11.132876
          ],
          [
            77.373237,
            11.1332018
          ],
          [
            77.3736518,
            11.1333104
          ],
          [
            77.3740391,
            11.1333131
          ],
          [
            77.3743099,
            11.1332439
          ],
          [
            77.3752497,
            11.1331708
          ],
          [
            77.3762733,
            11.1332439
          ],
          [
            77.3773955,
            11.1335708
          ],
          [
            77.3776315,
            11.1339919
          ],
          [
            77.3778139,
            11.1342235
          ],
          [
            77.3783182,
            11.1341708
          ],
          [
            77.3788288,
            11.1342198
          ],
          [
            77.3854013,
            11.1335471
          ],
          [
            77.390118,
            11.1321482
          ],
          [
            77.3914393,
            11.1322984
          ],
          [
            77.3919871,
            11.1323639
          ],
          [
            77.3922803,
            11.1318721
          ],
          [
            77.3924685,
            11.1321173
          ],
          [
            77.3928119,
            11.1327299
          ],
          [
            77.3928873,
            11.1329446
          ],
          [
            77.3930978,
            11.1330487
          ],
          [
            77.3935215,
            11.1332128
          ],
          [
            77.3939853,
            11.1334528
          ],
          [
            77.3945153,
            11.1339675
          ],
          [
            77.3948037,
            11.1343135
          ],
          [
            77.398804,
            11.1371916
          ],
          [
            77.4026754,
            11.1378789
          ],
          [
            77.406756,
            11.1383395
          ],
          [
            77.4106665,
            11.1380715
          ],
          [
            77.4127749,
            11.1374236
          ],
          [
            77.4163959,
            11.1345755
          ],
          [
            77.4191721,
            11.1322291
          ],
          [
            77.4219758,
            11.1319324
          ],
          [
            77.4245871,
            11.1317706
          ],
          [
            77.4262364,
            11.1312582
          ],
          [
            77.427656,
            11.1298813
          ]
        ]
      }
    },
    {
      "type": "Feature",
      "properties": {
        "id": 998959833,
        "name": "Kousika river",
        "waterway": "river",
        "source": "OpenStreetMap",
        "location": "Tiruppur, Tamil Nadu"
      },
      "geometry": {
        "type": "LineString",
        "coordinates": [
          [
            77.0627741,
            11.122158
          ],
          [
            77.0634161,
            11.1217747
          ],
          [
            77.0647551,
            11.1217578
          ],
          [
            77.0663515,
            11.1222294
          ],
          [
            77.0674502,
            11.1227684
          ],
          [
            77.0680821,
            11.1229712
          ],
          [
            77.0683428,
            11.1230548
          ],
          [
            77.0696474,
            11.1230716
          ],
          [
            77.0710036,
            11.1226
          ],
          [
            77.0722739,
            11.121741
          ],
          [
            77.0731322,
            11.1212862
          ],
          [
            77.0739561,
            11.1212356
          ],
          [
            77.0746428,
            11.1214883
          ],
          [
            77.0747801,
            11.1220778
          ],
          [
            77.0751749,
            11.1225832
          ],
          [
            77.0757071,
            11.1228863
          ],
          [
            77.0772692,
            11.12292
          ],
          [
            77.0796896,
            11.1230211
          ],
          [
            77.0808398,
            11.1231558
          ],
          [
            77.0812003,
            11.1234253
          ],
          [
            77.0815779,
            11.1240654
          ],
          [
            77.0825564,
            11.1246044
          ],
          [
            77.0837752,
            11.1248739
          ],
          [
            77.0848566,
            11.1250423
          ],
          [
            77.0858866,
            11.1255139
          ],
          [
            77.0865733,
            11.1265245
          ],
          [
            77.0869337,
            11.1276194
          ],
          [
            77.0873114,
            11.1280741
          ],
          [
            77.0884615,
            11.1276699
          ],
          [
            77.0893198,
            11.1270804
          ],
          [
            77.0901095,
            11.126693
          ],
          [
            77.090268,
            11.1266973
          ],
          [
            77.0907275,
            11.1267098
          ],
          [
            77.0917059,
            11.1269119
          ],
          [
            77.0922209,
            11.1274341
          ],
          [
            77.0928217,
            11.1283942
          ],
          [
            77.0933195,
            11.1296237
          ],
          [
            77.0937487,
            11.1305501
          ],
          [
            77.0944353,
            11.1313923
          ],
          [
            77.0953795,
            11.1317797
          ],
          [
            77.0964781,
            11.1316618
          ],
          [
            77.0980917,
            11.1310217
          ],
          [
            77.0992934,
            11.1308196
          ],
          [
            77.1004092,
            11.1310891
          ],
          [
            77.1009585,
            11.1321839
          ],
          [
            77.1009585,
            11.1332787
          ],
          [
            77.1011645,
            11.134424
          ],
          [
            77.1028639,
            11.136142
          ],
          [
            77.1035849,
            11.1374052
          ],
          [
            77.1038939,
            11.1383147
          ],
          [
            77.1042887,
            11.1387863
          ],
          [
            77.1052672,
            11.139039
          ],
          [
            77.1061426,
            11.139999
          ],
          [
            77.1063143,
            11.1419191
          ],
          [
            77.10628,
            11.1433507
          ],
          [
            77.1066748,
            11.1447318
          ],
          [
            77.1075159,
            11.1456581
          ],
          [
            77.1088549,
            11.1462139
          ],
          [
            77.1100222,
            11.1469213
          ],
          [
            77.1104857,
            11.147275
          ],
          [
            77.1107432,
            11.1479992
          ],
          [
            77.1107775,
            11.1488245
          ],
          [
            77.1102625,
            11.1497676
          ],
          [
            77.1116701,
            11.1504918
          ],
          [
            77.1129919,
            11.1513676
          ],
          [
            77.1144682,
            11.1510645
          ],
          [
            77.117129,
            11.1511823
          ],
          [
            77.1179203,
            11.1510316
          ],
          [
            77.1189035,
            11.1505672
          ],
          [
            77.120081,
            11.1509363
          ],
          [
            77.1209064,
            11.1513174
          ],
          [
            77.1214526,
            11.1514723
          ],
          [
            77.1222173,
            11.1509483
          ],
          [
            77.1232612,
            11.1503528
          ],
          [
            77.1242565,
            11.1500551
          ],
          [
            77.1250941,
            11.1501503
          ],
          [
            77.1257253,
            11.1497335
          ],
          [
            77.1258102,
            11.1489118
          ],
          [
            77.1260166,
            11.1485188
          ],
          [
            77.1274003,
            11.148364
          ],
          [
            77.1283836,
            11.1486736
          ],
          [
            77.128772,
            11.1488522
          ],
          [
            77.1296581,
            11.1483997
          ],
          [
            77.1300344,
            11.148364
          ],
          [
            77.1306049,
            11.1484235
          ],
          [
            77.1315516,
            11.1486141
          ],
          [
            77.1322921,
            11.1487689
          ],
          [
            77.1327655,
            11.1490904
          ],
          [
            77.1334938,
            11.1496263
          ],
          [
            77.1343556,
            11.1501027
          ],
          [
            77.134744,
            11.1503171
          ],
          [
            77.1353631,
            11.1503409
          ],
          [
            77.1366619,
            11.1500551
          ],
          [
            77.1373295,
            11.1501027
          ],
          [
            77.1377929,
            11.1504733
          ],
          [
            77.1382398,
            11.1507339
          ],
          [
            77.1391138,
            11.1507934
          ],
          [
            77.1401334,
            11.1507339
          ],
          [
            77.1411045,
            11.1502813
          ],
          [
            77.1417721,
            11.1500193
          ],
          [
            77.1423304,
            11.1497812
          ],
          [
            77.1430345,
            11.150067
          ],
          [
            77.1435381,
            11.1502331
          ],
          [
            77.143872,
            11.1500797
          ],
          [
            77.1440145,
            11.1500142
          ],
          [
            77.1444307,
            11.1496942
          ],
          [
            77.1449071,
            11.14905
          ],
          [
            77.1449758,
            11.14889
          ],
          [
            77.1456495,
            11.1485742
          ],
          [
            77.1469885,
            11.1485279
          ],
          [
            77.1479498,
            11.1483342
          ],
          [
            77.1487394,
            11.1479594
          ],
          [
            77.1491257,
            11.1475089
          ],
          [
            77.1494947,
            11.1471426
          ],
          [
            77.1498037,
            11.1466247
          ],
          [
            77.1501299,
            11.1459931
          ],
          [
            77.1512114,
            11.1460184
          ],
          [
            77.1522757,
            11.1459173
          ],
          [
            77.1533142,
            11.1461699
          ],
          [
            77.1535916,
            11.1464446
          ],
          [
            77.1540198,
            11.1468688
          ],
          [
            77.154224,
            11.147071
          ],
          [
            77.1546446,
            11.1477026
          ],
          [
            77.1554686,
            11.1476521
          ],
          [
            77.1570564,
            11.1478794
          ],
          [
            77.1573593,
            11.1478119
          ],
          [
            77.1575949,
            11.1477593
          ],
          [
            77.1581894,
            11.1476268
          ],
          [
            77.1587473,
            11.1472142
          ],
          [
            77.1591593,
            11.1468436
          ],
          [
            77.1596314,
            11.1470542
          ],
          [
            77.1603008,
            11.1476942
          ],
          [
            77.1606699,
            11.1486626
          ],
          [
            77.1609446,
            11.1496984
          ],
          [
            77.1613995,
            11.1504479
          ],
          [
            77.1624294,
            11.1512731
          ],
          [
            77.1638113,
            11.1510458
          ],
          [
            77.164661,
            11.1510626
          ],
          [
            77.1660086,
            11.1512394
          ],
          [
            77.1662776,
            11.1514127
          ],
          [
            77.1668583,
            11.1517868
          ],
          [
            77.167236,
            11.1522163
          ],
          [
            77.1688667,
            11.1529994
          ],
          [
            77.1700855,
            11.1535384
          ],
          [
            77.170519,
            11.1538373
          ],
          [
            77.1711927,
            11.1550205
          ],
          [
            77.1714889,
            11.155711
          ],
          [
            77.1724373,
            11.156212
          ],
          [
            77.1728922,
            11.1562794
          ],
          [
            77.1734458,
            11.1562541
          ],
          [
            77.1740595,
            11.1567299
          ],
          [
            77.174553,
            11.1573572
          ],
          [
            77.1748389,
            11.1575582
          ],
          [
            77.175038,
            11.1576983
          ],
          [
            77.1763052,
            11.1581394
          ],
          [
            77.1782309,
            11.1588098
          ],
          [
            77.1799787,
            11.1592028
          ],
          [
            77.1807028,
            11.1593656
          ],
          [
            77.181706,
            11.1596961
          ],
          [
            77.1830031,
            11.1601235
          ],
          [
            77.1844024,
            11.1594748
          ],
          [
            77.1845652,
            11.1593993
          ]
        ]
      }
    },
    {
      "type": "Feature",
      "properties": {
        "id": 998960338,
        "name": "Kousika river",
        "waterway": "river",
        "source": "OpenStreetMap",
        "location": "Tiruppur, Tamil Nadu"
      },
      "geometry": {
        "type": "LineString",
        "coordinates": [
          [
            77.1845652,
            11.1593993
          ],
          [
            77.1852383,
            11.1591704
          ],
          [
            77.1869428,
            11.1594007
          ],
          [
            77.1876212,
            11.1593688
          ],
          [
            77.1880566,
            11.1593484
          ],
          [
            77.1886474,
            11.1593206
          ],
          [
            77.1899539,
            11.1595709
          ],
          [
            77.1911992,
            11.1601017
          ],
          [
            77.1919239,
            11.1601818
          ],
          [
            77.193016,
            11.1601617
          ],
          [
            77.1937649,
            11.1603227
          ],
          [
            77.1940878,
            11.1603921
          ],
          [
            77.1946287,
            11.1607225
          ],
          [
            77.1946832,
            11.1607582
          ],
          [
            77.1948431,
            11.1608627
          ],
          [
            77.1953636,
            11.1607526
          ],
          [
            77.195925,
            11.1604722
          ],
          [
            77.1969662,
            11.1599414
          ],
          [
            77.1977113,
            11.1595609
          ],
          [
            77.1981604,
            11.1594407
          ],
          [
            77.1993342,
            11.1594307
          ],
          [
            77.1999364,
            11.1595208
          ],
          [
            77.2006815,
            11.159631
          ],
          [
            77.2013552,
            11.1599214
          ],
          [
            77.2018381,
            11.1600418
          ],
          [
            77.2019574,
            11.1600716
          ],
          [
            77.2026821,
            11.1601718
          ],
          [
            77.204254,
            11.1597111
          ],
          [
            77.2043309,
            11.1596649
          ],
          [
            77.2051216,
            11.1591904
          ],
          [
            77.2054686,
            11.1591203
          ],
          [
            77.2060096,
            11.1592004
          ],
          [
            77.2067547,
            11.1589801
          ],
          [
            77.2073569,
            11.1586897
          ],
          [
            77.2080112,
            11.1585174
          ],
          [
            77.2084593,
            11.1583993
          ],
          [
            77.2092044,
            11.158189
          ],
          [
            77.2100187,
            11.157895
          ],
          [
            77.2102863,
            11.1577984
          ],
          [
            77.2107661,
            11.1575881
          ],
          [
            77.2115112,
            11.1569172
          ],
          [
            77.2128891,
            11.1561561
          ],
          [
            77.213173,
            11.156024
          ],
          [
            77.2134365,
            11.1559014
          ],
          [
            77.2138792,
            11.1556954
          ],
          [
            77.2141187,
            11.1555742
          ],
          [
            77.2151857,
            11.1550345
          ],
          [
            77.2161044,
            11.1547842
          ],
          [
            77.2167984,
            11.154684
          ],
          [
            77.2174007,
            11.1548743
          ],
          [
            77.2180743,
            11.1551046
          ],
          [
            77.2187338,
            11.155113
          ],
          [
            77.2188603,
            11.1551146
          ],
          [
            77.2193604,
            11.1550646
          ],
          [
            77.2197279,
            11.1545338
          ],
          [
            77.2204526,
            11.1540231
          ],
          [
            77.2215651,
            11.1534723
          ],
          [
            77.222545,
            11.1529115
          ],
          [
            77.2229431,
            11.152561
          ],
          [
            77.2231983,
            11.1517098
          ],
          [
            77.2232799,
            11.1505581
          ],
          [
            77.2234024,
            11.1499172
          ],
          [
            77.223923,
            11.1492863
          ],
          [
            77.224913,
            11.1484952
          ],
          [
            77.225022,
            11.1483781
          ],
          [
            77.2257704,
            11.1475738
          ],
          [
            77.2260924,
            11.1473219
          ],
          [
            77.2266278,
            11.1469029
          ],
          [
            77.2271189,
            11.1465376
          ],
          [
            77.227451,
            11.1462905
          ],
          [
            77.227852,
            11.1459923
          ],
          [
            77.2281895,
            11.1457412
          ],
          [
            77.2284909,
            11.1454493
          ],
          [
            77.2289755,
            11.1449801
          ],
          [
            77.2299655,
            11.1443191
          ],
          [
            77.230976,
            11.1437182
          ],
          [
            77.2314354,
            11.1434779
          ],
          [
            77.2317926,
            11.1434679
          ],
          [
            77.2326806,
            11.1432676
          ],
          [
            77.2338034,
            11.1424965
          ],
          [
            77.2345485,
            11.1415451
          ],
          [
            77.2348343,
            11.1405937
          ],
          [
            77.2351974,
            11.1400554
          ],
          [
            77.2352936,
            11.1399127
          ],
          [
            77.2362939,
            11.1392016
          ],
          [
            77.2371513,
            11.1385206
          ],
          [
            77.2376923,
            11.1380099
          ],
          [
            77.2380407,
            11.1378453
          ],
          [
            77.2382435,
            11.1377495
          ],
          [
            77.2388763,
            11.1374791
          ],
          [
            77.2394539,
            11.1374343
          ],
          [
            77.2399072,
            11.1374891
          ],
          [
            77.2412137,
            11.1379698
          ],
          [
            77.2418261,
            11.13811
          ],
          [
            77.2425304,
            11.13809
          ],
          [
            77.2432245,
            11.1376293
          ],
          [
            77.2440104,
            11.1370084
          ],
          [
            77.2446331,
            11.1363975
          ],
          [
            77.2450107,
            11.1355662
          ],
          [
            77.2451434,
            11.1342743
          ],
          [
            77.24547,
            11.1335633
          ],
          [
            77.2464397,
            11.1325117
          ],
          [
            77.2473277,
            11.13136
          ],
          [
            77.2479708,
            11.1304185
          ],
          [
            77.2488179,
            11.1297576
          ],
          [
            77.249757,
            11.129397
          ],
          [
            77.2510941,
            11.1284356
          ],
          [
            77.2516555,
            11.1274941
          ],
          [
            77.251829,
            11.1265026
          ],
          [
            77.2522169,
            11.1235882
          ],
          [
            77.2525946,
            11.1226468
          ],
          [
            77.2528111,
            11.1221446
          ],
          [
            77.2529314,
            11.1218656
          ],
          [
            77.2534519,
            11.120824
          ],
          [
            77.2545237,
            11.120213
          ],
          [
            77.2556261,
            11.1197824
          ],
          [
            77.2563303,
            11.1191915
          ],
          [
            77.2571469,
            11.1183502
          ],
          [
            77.2575757,
            11.1177888
          ]
        ]
      }
    },
    {
      "type": "Feature",
      "properties": {
        "id": 1217702116,
        "name": "Noyyal River",
        "waterway": "river",
        "source": "OpenStreetMap",
        "location": "Tiruppur, Tamil Nadu"
      },
      "geometry": {
        "type": "LineString",
        "coordinates": [
          [
            77.329899,
            11.0481879
          ],
          [
            77.3291967,
            11.048848
          ],
          [
            77.3289426,
            11.0494933
          ],
          [
            77.328838,
            11.0501167
          ],
          [
            77.3286616,
            11.0508107
          ],
          [
            77.3285104,
            11.0511817
          ],
          [
            77.3284823,
            11.0512507
          ],
          [
            77.32823,
            11.0517181
          ],
          [
            77.3281338,
            11.0518964
          ],
          [
            77.3280147,
            11.052127
          ],
          [
            77.3279918,
            11.0521714
          ],
          [
            77.3276372,
            11.0532772
          ]
        ]
      }
    },
    {
      "type": "Feature",
      "properties": {
        "id": 1217705274,
        "name": "Noyyal River",
        "waterway": "river",
        "source": "OpenStreetMap",
        "location": "Tiruppur, Tamil Nadu"
      },
      "geometry": {
        "type": "LineString",
        "coordinates": [
          [
            77.3082248,
            11.0087065
          ],
          [
            77.3089243,
            11.0091868
          ],
          [
            77.309362,
            11.0097807
          ],
          [
            77.3099199,
            11.0113394
          ],
          [
            77.3100235,
            11.0117817
          ],
          [
            77.3100427,
            11.0123027
          ],
          [
            77.3105663,
            11.013042
          ],
          [
            77.3111156,
            11.0137476
          ],
          [
            77.3119675,
            11.0144827
          ],
          [
            77.3120512,
            11.0148765
          ],
          [
            77.312461,
            11.0151272
          ],
          [
            77.312654,
            11.0151897
          ],
          [
            77.3129224,
            11.015321
          ],
          [
            77.3135296,
            11.015837
          ],
          [
            77.3139266,
            11.0163804
          ],
          [
            77.314654,
            11.0169596
          ],
          [
            77.314759,
            11.0170943
          ],
          [
            77.3148642,
            11.0172185
          ],
          [
            77.3150065,
            11.0172576
          ],
          [
            77.3150895,
            11.0172859
          ],
          [
            77.315409,
            11.0174293
          ],
          [
            77.3154674,
            11.0175204
          ],
          [
            77.3155618,
            11.0177247
          ],
          [
            77.3158987,
            11.0178595
          ],
          [
            77.3165553,
            11.0178932
          ],
          [
            77.3170295,
            11.017809
          ],
          [
            77.318111,
            11.0180933
          ],
          [
            77.3182771,
            11.0181234
          ],
          [
            77.3186045,
            11.0183481
          ],
          [
            77.3188584,
            11.0187706
          ]
        ]
      }
    },
    {
      "type": "Feature",
      "properties": {
        "id": 1217705300,
        "name": "Noyyal River",
        "waterway": "river",
        "source": "OpenStreetMap",
        "location": "Tiruppur, Tamil Nadu"
      },
      "geometry": {
        "type": "LineString",
        "coordinates": [
          [
            77.3194723,
            11.0052518
          ],
          [
            77.3196375,
            11.0064636
          ],
          [
            77.319968,
            11.0069835
          ],
          [
            77.3202555,
            11.0083762
          ],
          [
            77.3200752,
            11.0094335
          ],
          [
            77.3199808,
            11.0099222
          ],
          [
            77.3201825,
            11.0105035
          ],
          [
            77.3203184,
            11.0107568
          ],
          [
            77.320749,
            11.0120832
          ],
          [
            77.3208649,
            11.0127993
          ],
          [
            77.3214314,
            11.0133343
          ]
        ]
      }
    },
    {
      "type": "Feature",
      "properties": {
        "id": 1217770419,
        "name": "Noyyal River",
        "waterway": "river",
        "source": "OpenStreetMap",
        "location": "Tiruppur, Tamil Nadu"
      },
      "geometry": {
        "type": "LineString",
        "coordinates": [
          [
            77.3405365,
            10.9872781
          ],
          [
            77.3405088,
            10.9873529
          ],
          [
            77.3391502,
            10.988848
          ],
          [
            77.3383992,
            10.9892819
          ],
          [
            77.3376544,
            10.99012
          ],
          [
            77.3371561,
            10.9909094
          ],
          [
            77.3366125,
            10.9910873
          ],
          [
            77.3355498,
            10.9917366
          ],
          [
            77.3352436,
            10.9925707
          ],
          [
            77.334863,
            10.9938988
          ],
          [
            77.3344327,
            10.9945269
          ],
          [
            77.3341295,
            10.9950811
          ],
          [
            77.3341338,
            10.9960416
          ],
          [
            77.3340093,
            10.9963702
          ],
          [
            77.332522,
            10.997231
          ],
          [
            77.3323008,
            10.997382
          ],
          [
            77.3304665,
            10.9986344
          ],
          [
            77.3301616,
            10.999115
          ],
          [
            77.3293342,
            11.0002191
          ],
          [
            77.3292457,
            11.0008289
          ]
        ]
      }
    },
    {
      "type": "Feature",
      "properties": {
        "id": 1217770420,
        "name": "Noyyal River",
        "waterway": "river",
        "source": "OpenStreetMap",
        "location": "Tiruppur, Tamil Nadu"
      },
      "geometry": {
        "type": "LineString",
        "coordinates": [
          [
            77.3418809,
            10.997604
          ],
          [
            77.3397044,
            10.9969831
          ],
          [
            77.3396236,
            10.9969776
          ],
          [
            77.3395395,
            10.9968291
          ],
          [
            77.3394401,
            10.9968884
          ],
          [
            77.3394013,
            10.9969116
          ],
          [
            77.3384397,
            10.9969731
          ],
          [
            77.3377336,
            10.9969914
          ],
          [
            77.3370192,
            10.9966067
          ],
          [
            77.3369953,
            10.9964358
          ],
          [
            77.3365769,
            10.9961662
          ],
          [
            77.3357045,
            10.9961174
          ],
          [
            77.3346767,
            10.9962354
          ],
          [
            77.3340093,
            10.9963702
          ]
        ]
      }
    },
    {
      "type": "Feature",
      "properties": {
        "id": 1318464127,
        "name": "Noyyal River",
        "waterway": "river",
        "source": "OpenStreetMap",
        "location": "Tiruppur, Tamil Nadu"
      },
      "geometry": {
        "type": "LineString",
        "coordinates": [
          [
            77.3306777,
            11.0744197
          ],
          [
            77.3306818,
            11.0748304
          ],
          [
            77.3308379,
            11.0755121
          ],
          [
            77.3310578,
            11.0759912
          ],
          [
            77.3309773,
            11.0764808
          ],
          [
            77.3307091,
            11.077302
          ],
          [
            77.3306914,
            11.078117
          ],
          [
            77.3305965,
            11.0789077
          ],
          [
            77.3308353,
            11.079646
          ],
          [
            77.3320754,
            11.0800089
          ],
          [
            77.3329129,
            11.0800699
          ]
        ]
      }
    },
    {
      "type": "Feature",
      "properties": {
        "id": 1318464128,
        "name": "Noyyal River",
        "waterway": "river",
        "source": "OpenStreetMap",
        "location": "Tiruppur, Tamil Nadu"
      },
      "geometry": {
        "type": "LineString",
        "coordinates": [
          [
            77.3306817,
            11.0743625
          ],
          [
            77.3306777,
            11.0744197
          ]
        ]
      }
    }
  ]
}